[
    {
        "before_instruct": "FROM node:18-alpine",
        "after_instruct": "WORKDIR /usr/src/app",
        "edge": "(0, 1)",
        "type": "BASIC_IMAGE",
        "dependency_description": "Image dependency"
    },
    {
        "before_instruct": "FROM node:18-alpine",
        "after_instruct": "COPY package*.json ./",
        "edge": "(0, 2)",
        "type": "BASIC_IMAGE",
        "dependency_description": "Image dependency"
    },
    {
        "before_instruct": "FROM node:18-alpine",
        "after_instruct": "RUN npm ci",
        "edge": "(0, 3)",
        "type": "BASIC_IMAGE",
        "dependency_description": "Image dependency"
    },
    {
        "before_instruct": "FROM node:18-alpine",
        "after_instruct": "COPY . .",
        "edge": "(0, 4)",
        "type": "BASIC_IMAGE",
        "dependency_description": "Image dependency"
    },
    {
        "before_instruct": "FROM node:18-alpine",
        "after_instruct": "ENV MONGODB_URI=mongodb://mongo:27017/angularfullstack",
        "edge": "(0, 5)",
        "type": "BASIC_IMAGE",
        "dependency_description": "Image dependency"
    },
    {
        "before_instruct": "FROM node:18-alpine",
        "after_instruct": "RUN npm run build",
        "edge": "(0, 6)",
        "type": "BASIC_IMAGE",
        "dependency_description": "Image dependency"
    },
    {
        "before_instruct": "FROM node:18-alpine",
        "after_instruct": "EXPOSE 3000",
        "edge": "(0, 7)",
        "type": "BASIC_IMAGE",
        "dependency_description": "Image dependency"
    },
    {
        "before_instruct": "FROM node:18-alpine",
        "after_instruct": "CMD npm start",
        "edge": "(0, 8)",
        "type": "BASIC_IMAGE",
        "dependency_description": "Image dependency"
    },
    {
        "before_instruct": "WORKDIR /usr/src/app",
        "after_instruct": "COPY package*.json ./",
        "edge": "(1, 2)",
        "type": "FILE_DIR",
        "dependency_description": "exist file or directory dependency"
    },
    {
        "before_instruct": "WORKDIR /usr/src/app",
        "after_instruct": "RUN npm ci",
        "edge": "(1, 3)",
        "type": "FILE_DIR",
        "dependency_description": "exist file or directory dependency,because RUN instruct use /usr/src/app"
    },
    {
        "before_instruct": "WORKDIR /usr/src/app",
        "after_instruct": "COPY . .",
        "edge": "(1, 4)",
        "type": "FILE_DIR",
        "dependency_description": "exist file or directory dependency"
    },
    {
        "before_instruct": "WORKDIR /usr/src/app",
        "after_instruct": "RUN npm run build",
        "edge": "(1, 6)",
        "type": "FILE_DIR",
        "dependency_description": "exist file or directory dependency,because RUN instruct use /usr/src/app"
    },
    {
        "before_instruct": "COPY package*.json ./",
        "after_instruct": "RUN npm ci",
        "edge": "(2, 3)",
        "type": "FILE_DIR",
        "dependency_description": "exist file or directory dependency,because common path /usr/src/app"
    },
    {
        "before_instruct": "COPY package*.json ./",
        "after_instruct": "RUN npm run build",
        "edge": "(2, 6)",
        "type": "FILE_DIR",
        "dependency_description": "exist file or directory dependency,because common path /usr/src/app"
    },
    {
        "before_instruct": "RUN npm ci",
        "after_instruct": "RUN npm run build",
        "edge": "(3, 6)",
        "type": "RUN_PKG",
        "dependency_description": "have shell pkg intersection,because exist intersection {'npm'}"
    },
    {
        "before_instruct": "COPY . .",
        "after_instruct": "RUN npm run build",
        "edge": "(4, 6)",
        "type": "FILE_DIR",
        "dependency_description": "exist file or directory dependency,because common path /usr/src/app"
    }
]