[
    {
        "before_instruct": "FROM centos:7.2.1511",
        "after_instruct": "LABEL Author \"Pad0y<github.com/Pad0y>\"",
        "edge": "(0, 1)",
        "type": "BASIC_IMAGE",
        "dependency_description": "Image dependency"
    },
    {
        "before_instruct": "FROM centos:7.2.1511",
        "after_instruct": "ENV LANG=C.UTF-8 LC_ALL=C.UTF-8",
        "edge": "(0, 2)",
        "type": "BASIC_IMAGE",
        "dependency_description": "Image dependency"
    },
    {
        "before_instruct": "FROM centos:7.2.1511",
        "after_instruct": "COPY . /data/project/",
        "edge": "(0, 3)",
        "type": "BASIC_IMAGE",
        "dependency_description": "Image dependency"
    },
    {
        "before_instruct": "FROM centos:7.2.1511",
        "after_instruct": "WORKDIR /data/project/",
        "edge": "(0, 4)",
        "type": "BASIC_IMAGE",
        "dependency_description": "Image dependency"
    },
    {
        "before_instruct": "FROM centos:7.2.1511",
        "after_instruct": "RUN yum -y update && yum -y install gcc gcc-c++ wget make git libSM-1.2.2-2.el7.x86_64 libXrender libXext && yum -y install zlib-devel bzip2-devel openssl-devel ncurses-devel sqlite-devel readline-devel tk-devel gdbm-devel db4-devel libpcap-devel xz-devel libffi-devel && yum -y install python3-devel centos-release-scl scl-utils-build && yum -y install  devtoolset-7-gcc* && echo 'source /opt/rh/devtoolset-7/enable' >> ~/.bash_profile && source ~/.bash_profile && scl enable devtoolset-7 bash",
        "edge": "(0, 5)",
        "type": "BASIC_IMAGE",
        "dependency_description": "Image dependency"
    },
    {
        "before_instruct": "FROM centos:7.2.1511",
        "after_instruct": "RUN pip3 install --user  -U pip -i https://pypi.tuna.tsinghua.edu.cn/simple/ && pip3 config set global.index-url https://mirrors.aliyun.com/pypi/simple/",
        "edge": "(0, 6)",
        "type": "BASIC_IMAGE",
        "dependency_description": "Image dependency"
    },
    {
        "before_instruct": "FROM centos:7.2.1511",
        "after_instruct": "RUN source ~/.bash_profile && pip3 install -r requirements.txt",
        "edge": "(0, 7)",
        "type": "BASIC_IMAGE",
        "dependency_description": "Image dependency"
    },
    {
        "before_instruct": "FROM centos:7.2.1511",
        "after_instruct": "EXPOSE 5000",
        "edge": "(0, 8)",
        "type": "BASIC_IMAGE",
        "dependency_description": "Image dependency"
    },
    {
        "before_instruct": "FROM centos:7.2.1511",
        "after_instruct": "EXPOSE 8000",
        "edge": "(0, 9)",
        "type": "BASIC_IMAGE",
        "dependency_description": "Image dependency"
    },
    {
        "before_instruct": "FROM centos:7.2.1511",
        "after_instruct": "CMD python3 backend/main.py",
        "edge": "(0, 10)",
        "type": "BASIC_IMAGE",
        "dependency_description": "Image dependency"
    },
    {
        "before_instruct": "COPY . /data/project/",
        "after_instruct": "RUN pip3 install --user  -U pip -i https://pypi.tuna.tsinghua.edu.cn/simple/ && pip3 config set global.index-url https://mirrors.aliyun.com/pypi/simple/",
        "edge": "(3, 6)",
        "type": "FILE_DIR",
        "dependency_description": "exist file or directory dependency,because common path /data/project"
    },
    {
        "before_instruct": "COPY . /data/project/",
        "after_instruct": "RUN source ~/.bash_profile && pip3 install -r requirements.txt",
        "edge": "(3, 7)",
        "type": "FILE_DIR",
        "dependency_description": "exist file or directory dependency,because common path /data/project"
    },
    {
        "before_instruct": "WORKDIR /data/project/",
        "after_instruct": "RUN pip3 install --user  -U pip -i https://pypi.tuna.tsinghua.edu.cn/simple/ && pip3 config set global.index-url https://mirrors.aliyun.com/pypi/simple/",
        "edge": "(4, 6)",
        "type": "FILE_DIR",
        "dependency_description": "exist file or directory dependency,because RUN instruct use /data/project/"
    },
    {
        "before_instruct": "WORKDIR /data/project/",
        "after_instruct": "RUN source ~/.bash_profile && pip3 install -r requirements.txt",
        "edge": "(4, 7)",
        "type": "FILE_DIR",
        "dependency_description": "exist file or directory dependency,because RUN instruct use /data/project/"
    },
    {
        "before_instruct": "RUN yum -y update && yum -y install gcc gcc-c++ wget make git libSM-1.2.2-2.el7.x86_64 libXrender libXext && yum -y install zlib-devel bzip2-devel openssl-devel ncurses-devel sqlite-devel readline-devel tk-devel gdbm-devel db4-devel libpcap-devel xz-devel libffi-devel && yum -y install python3-devel centos-release-scl scl-utils-build && yum -y install  devtoolset-7-gcc* && echo 'source /opt/rh/devtoolset-7/enable' >> ~/.bash_profile && source ~/.bash_profile && scl enable devtoolset-7 bash",
        "after_instruct": "RUN source ~/.bash_profile && pip3 install -r requirements.txt",
        "edge": "(5, 7)",
        "type": "RUN_IO",
        "dependency_description": "have shell io intersection,because common path /root/.bash_profile"
    }
]