[
    {
        "before_instruct": "FROM node:12",
        "after_instruct": "MAINTAINER Bono Lv <lvscar  {aT} gmail.com>",
        "edge": "(0, 1)",
        "type": "BASIC_IMAGE",
        "dependency_description": "Image dependency"
    },
    {
        "before_instruct": "FROM node:12",
        "after_instruct": "ENV CNPM_DIR=/var/app/cnpmjs.org CNPM_DATA_DIR=/var/data/cnpm_data",
        "edge": "(0, 2)",
        "type": "BASIC_IMAGE",
        "dependency_description": "Image dependency"
    },
    {
        "before_instruct": "FROM node:12",
        "after_instruct": "RUN mkdir  -p /var/app/cnpmjs.org",
        "edge": "(0, 3)",
        "type": "BASIC_IMAGE",
        "dependency_description": "Image dependency"
    },
    {
        "before_instruct": "FROM node:12",
        "after_instruct": "WORKDIR /var/app/cnpmjs.org",
        "edge": "(0, 4)",
        "type": "BASIC_IMAGE",
        "dependency_description": "Image dependency"
    },
    {
        "before_instruct": "FROM node:12",
        "after_instruct": "COPY src_dir=['package.json'] dst_dir=/var/app/cnpmjs.org",
        "edge": "(0, 5)",
        "type": "BASIC_IMAGE",
        "dependency_description": "Image dependency"
    },
    {
        "before_instruct": "FROM node:12",
        "after_instruct": "RUN npm set registry https://registry.npmmirror.com",
        "edge": "(0, 6)",
        "type": "BASIC_IMAGE",
        "dependency_description": "Image dependency"
    },
    {
        "before_instruct": "FROM node:12",
        "after_instruct": "RUN npm install --production",
        "edge": "(0, 7)",
        "type": "BASIC_IMAGE",
        "dependency_description": "Image dependency"
    },
    {
        "before_instruct": "FROM node:12",
        "after_instruct": "COPY src_dir=['.'] dst_dir=/var/app/cnpmjs.org",
        "edge": "(0, 8)",
        "type": "BASIC_IMAGE",
        "dependency_description": "Image dependency"
    },
    {
        "before_instruct": "FROM node:12",
        "after_instruct": "COPY src_dir=['docs/dockerize/config.js'] dst_dir=/var/app/cnpmjs.org/config/",
        "edge": "(0, 9)",
        "type": "BASIC_IMAGE",
        "dependency_description": "Image dependency"
    },
    {
        "before_instruct": "FROM node:12",
        "after_instruct": "EXPOSE 7001/tcp 7002/tcp",
        "edge": "(0, 10)",
        "type": "BASIC_IMAGE",
        "dependency_description": "Image dependency"
    },
    {
        "before_instruct": "FROM node:12",
        "after_instruct": "VOLUME /var/data/cnpm_data",
        "edge": "(0, 11)",
        "type": "BASIC_IMAGE",
        "dependency_description": "Image dependency"
    },
    {
        "before_instruct": "FROM node:12",
        "after_instruct": "CMD node dispatch.js",
        "edge": "(0, 12)",
        "type": "BASIC_IMAGE",
        "dependency_description": "Image dependency"
    },
    {
        "before_instruct": "ENV CNPM_DIR=/var/app/cnpmjs.org CNPM_DATA_DIR=/var/data/cnpm_data",
        "after_instruct": "RUN mkdir  -p /var/app/cnpmjs.org",
        "edge": "(2, 3)",
        "type": "ENV_VAR",
        "dependency_description": "environment variable dependencies"
    },
    {
        "before_instruct": "ENV CNPM_DIR=/var/app/cnpmjs.org CNPM_DATA_DIR=/var/data/cnpm_data",
        "after_instruct": "WORKDIR /var/app/cnpmjs.org",
        "edge": "(2, 4)",
        "type": "ENV_VAR",
        "dependency_description": "environment variable dependencies"
    },
    {
        "before_instruct": "ENV CNPM_DIR=/var/app/cnpmjs.org CNPM_DATA_DIR=/var/data/cnpm_data",
        "after_instruct": "COPY src_dir=['package.json'] dst_dir=/var/app/cnpmjs.org",
        "edge": "(2, 5)",
        "type": "ENV_VAR",
        "dependency_description": "environment variable dependencies"
    },
    {
        "before_instruct": "ENV CNPM_DIR=/var/app/cnpmjs.org CNPM_DATA_DIR=/var/data/cnpm_data",
        "after_instruct": "COPY src_dir=['.'] dst_dir=/var/app/cnpmjs.org",
        "edge": "(2, 8)",
        "type": "ENV_VAR",
        "dependency_description": "environment variable dependencies"
    },
    {
        "before_instruct": "ENV CNPM_DIR=/var/app/cnpmjs.org CNPM_DATA_DIR=/var/data/cnpm_data",
        "after_instruct": "COPY src_dir=['docs/dockerize/config.js'] dst_dir=/var/app/cnpmjs.org/config/",
        "edge": "(2, 9)",
        "type": "ENV_VAR",
        "dependency_description": "environment variable dependencies"
    },
    {
        "before_instruct": "RUN mkdir  -p /var/app/cnpmjs.org",
        "after_instruct": "WORKDIR /var/app/cnpmjs.org",
        "edge": "(3, 4)",
        "type": "FILE_DIR",
        "dependency_description": "exist file or directory dependency,because RUN instruct create /var/app/cnpmjs.org"
    },
    {
        "before_instruct": "RUN mkdir  -p /var/app/cnpmjs.org",
        "after_instruct": "RUN npm install --production",
        "edge": "(3, 7)",
        "type": "RUN_IO",
        "dependency_description": "have shell io intersection,because common path /var/app/cnpmjs.org"
    },
    {
        "before_instruct": "WORKDIR /var/app/cnpmjs.org",
        "after_instruct": "COPY src_dir=['package.json'] dst_dir=/var/app/cnpmjs.org",
        "edge": "(4, 5)",
        "type": "FILE_DIR",
        "dependency_description": "exist file or directory dependency"
    },
    {
        "before_instruct": "WORKDIR /var/app/cnpmjs.org",
        "after_instruct": "RUN npm install --production",
        "edge": "(4, 7)",
        "type": "FILE_DIR",
        "dependency_description": "exist file or directory dependency,because RUN instruct use /var/app/cnpmjs.org"
    },
    {
        "before_instruct": "WORKDIR /var/app/cnpmjs.org",
        "after_instruct": "COPY src_dir=['.'] dst_dir=/var/app/cnpmjs.org",
        "edge": "(4, 8)",
        "type": "FILE_DIR",
        "dependency_description": "exist file or directory dependency"
    },
    {
        "before_instruct": "WORKDIR /var/app/cnpmjs.org",
        "after_instruct": "COPY src_dir=['docs/dockerize/config.js'] dst_dir=/var/app/cnpmjs.org/config/",
        "edge": "(4, 9)",
        "type": "FILE_DIR",
        "dependency_description": "exist file or directory dependency"
    },
    {
        "before_instruct": "COPY src_dir=['package.json'] dst_dir=/var/app/cnpmjs.org",
        "after_instruct": "RUN npm install --production",
        "edge": "(5, 7)",
        "type": "FILE_DIR",
        "dependency_description": "exist file or directory dependency,because common path /var/app/cnpmjs.org"
    },
    {
        "before_instruct": "RUN npm set registry https://registry.npmmirror.com",
        "after_instruct": "RUN npm install --production",
        "edge": "(6, 7)",
        "type": "RUN_PKG",
        "dependency_description": "have shell pkg intersection,because exist intersection {'npm'}"
    }
]