[
    {
        "before_instruct": "FROM ubuntu:14.04",
        "after_instruct": "MAINTAINER Dongweiming \"ciici123@gmail.com\"",
        "edge": "(0, 1)",
        "type": "BASIC_IMAGE",
        "dependency_description": "Image dependency"
    },
    {
        "before_instruct": "FROM ubuntu:14.04",
        "after_instruct": "ENV DEBIAN_FRONTEND=noninteractive",
        "edge": "(0, 2)",
        "type": "BASIC_IMAGE",
        "dependency_description": "Image dependency"
    },
    {
        "before_instruct": "FROM ubuntu:14.04",
        "after_instruct": "ENV CODE_ENV=unset",
        "edge": "(0, 3)",
        "type": "BASIC_IMAGE",
        "dependency_description": "Image dependency"
    },
    {
        "before_instruct": "FROM ubuntu:14.04",
        "after_instruct": "RUN echo \"deb http://mirrors.aliyun.com/ubuntu/ trusty main restricted universe multiverse\" > /etc/apt/sources.list",
        "edge": "(0, 4)",
        "type": "BASIC_IMAGE",
        "dependency_description": "Image dependency"
    },
    {
        "before_instruct": "FROM ubuntu:14.04",
        "after_instruct": "RUN echo \"deb http://mirrors.aliyun.com/ubuntu/ trusty-security main restricted universe multiverse\" >> /etc/apt/sources.list",
        "edge": "(0, 5)",
        "type": "BASIC_IMAGE",
        "dependency_description": "Image dependency"
    },
    {
        "before_instruct": "FROM ubuntu:14.04",
        "after_instruct": "RUN echo \"deb http://mirrors.aliyun.com/ubuntu/ trusty-updates main restricted universe multiverse\" >> /etc/apt/sources.list",
        "edge": "(0, 6)",
        "type": "BASIC_IMAGE",
        "dependency_description": "Image dependency"
    },
    {
        "before_instruct": "FROM ubuntu:14.04",
        "after_instruct": "RUN echo \"deb http://mirrors.aliyun.com/ubuntu/ trusty-proposed main restricted universe multiverse\" >> /etc/apt/sources.list",
        "edge": "(0, 7)",
        "type": "BASIC_IMAGE",
        "dependency_description": "Image dependency"
    },
    {
        "before_instruct": "FROM ubuntu:14.04",
        "after_instruct": "RUN echo \"deb http://mirrors.aliyun.com/ubuntu/ trusty-backports main restricted universe multiverse\" >> /etc/apt/sources.list",
        "edge": "(0, 8)",
        "type": "BASIC_IMAGE",
        "dependency_description": "Image dependency"
    },
    {
        "before_instruct": "FROM ubuntu:14.04",
        "after_instruct": "RUN echo \"deb-src http://mirrors.aliyun.com/ubuntu/ trusty main restricted universe multiverse\" >> /etc/apt/sources.list",
        "edge": "(0, 9)",
        "type": "BASIC_IMAGE",
        "dependency_description": "Image dependency"
    },
    {
        "before_instruct": "FROM ubuntu:14.04",
        "after_instruct": "RUN echo \"deb-src http://mirrors.aliyun.com/ubuntu/ trusty-security main restricted universe multiverse\" >> /etc/apt/sources.list",
        "edge": "(0, 10)",
        "type": "BASIC_IMAGE",
        "dependency_description": "Image dependency"
    },
    {
        "before_instruct": "FROM ubuntu:14.04",
        "after_instruct": "RUN echo \"deb-src http://mirrors.aliyun.com/ubuntu/ trusty-updates main restricted universe multiverse\" >> /etc/apt/sources.list",
        "edge": "(0, 11)",
        "type": "BASIC_IMAGE",
        "dependency_description": "Image dependency"
    },
    {
        "before_instruct": "FROM ubuntu:14.04",
        "after_instruct": "RUN echo \"deb-src http://mirrors.aliyun.com/ubuntu/ trusty-proposed main restricted universe multiverse\" >> /etc/apt/sources.list",
        "edge": "(0, 12)",
        "type": "BASIC_IMAGE",
        "dependency_description": "Image dependency"
    },
    {
        "before_instruct": "FROM ubuntu:14.04",
        "after_instruct": "RUN echo \"deb-src http://mirrors.aliyun.com/ubuntu/ trusty-backports main restricted universe multiverse\" >> /etc/apt/sources.list",
        "edge": "(0, 13)",
        "type": "BASIC_IMAGE",
        "dependency_description": "Image dependency"
    },
    {
        "before_instruct": "FROM ubuntu:14.04",
        "after_instruct": "RUN apt-get update",
        "edge": "(0, 14)",
        "type": "BASIC_IMAGE",
        "dependency_description": "Image dependency"
    },
    {
        "before_instruct": "FROM ubuntu:14.04",
        "after_instruct": "RUN apt-get install curl python -yq",
        "edge": "(0, 15)",
        "type": "BASIC_IMAGE",
        "dependency_description": "Image dependency"
    },
    {
        "before_instruct": "FROM ubuntu:14.04",
        "after_instruct": "RUN curl -O https://raw.githubusercontent.com/douban/code/master/scripts/install_code.sh",
        "edge": "(0, 16)",
        "type": "BASIC_IMAGE",
        "dependency_description": "Image dependency"
    },
    {
        "before_instruct": "FROM ubuntu:14.04",
        "after_instruct": "RUN /bin/bash install_code.sh",
        "edge": "(0, 17)",
        "type": "BASIC_IMAGE",
        "dependency_description": "Image dependency"
    },
    {
        "before_instruct": "FROM ubuntu:14.04",
        "after_instruct": "RUN rm -rf install_code.sh",
        "edge": "(0, 18)",
        "type": "BASIC_IMAGE",
        "dependency_description": "Image dependency"
    },
    {
        "before_instruct": "FROM ubuntu:14.04",
        "after_instruct": "EXPOSE 8000",
        "edge": "(0, 19)",
        "type": "BASIC_IMAGE",
        "dependency_description": "Image dependency"
    },
    {
        "before_instruct": "FROM ubuntu:14.04",
        "after_instruct": "WORKDIR /code",
        "edge": "(0, 20)",
        "type": "BASIC_IMAGE",
        "dependency_description": "Image dependency"
    },
    {
        "before_instruct": "ENV DEBIAN_FRONTEND=noninteractive",
        "after_instruct": "RUN apt-get update",
        "edge": "(2, 14)",
        "type": "ENV_VAR_IMPLICIT",
        "dependency_description": "system level environment variable dependencies(implicit)"
    },
    {
        "before_instruct": "ENV DEBIAN_FRONTEND=noninteractive",
        "after_instruct": "RUN apt-get install curl python -yq",
        "edge": "(2, 15)",
        "type": "ENV_VAR_IMPLICIT",
        "dependency_description": "system level environment variable dependencies(implicit)"
    },
    {
        "before_instruct": "RUN echo \"deb http://mirrors.aliyun.com/ubuntu/ trusty main restricted universe multiverse\" > /etc/apt/sources.list",
        "after_instruct": "RUN apt-get update",
        "edge": "(4, 14)",
        "type": "RUN_IO",
        "dependency_description": "have shell io intersection,because common path /etc"
    },
    {
        "before_instruct": "RUN echo \"deb http://mirrors.aliyun.com/ubuntu/ trusty main restricted universe multiverse\" > /etc/apt/sources.list",
        "after_instruct": "RUN apt-get install curl python -yq",
        "edge": "(4, 15)",
        "type": "RUN_IO",
        "dependency_description": "have shell io intersection,because common path /etc"
    },
    {
        "before_instruct": "RUN echo \"deb http://mirrors.aliyun.com/ubuntu/ trusty-security main restricted universe multiverse\" >> /etc/apt/sources.list",
        "after_instruct": "RUN apt-get update",
        "edge": "(5, 14)",
        "type": "RUN_IO",
        "dependency_description": "have shell io intersection,because common path /etc"
    },
    {
        "before_instruct": "RUN echo \"deb http://mirrors.aliyun.com/ubuntu/ trusty-security main restricted universe multiverse\" >> /etc/apt/sources.list",
        "after_instruct": "RUN apt-get install curl python -yq",
        "edge": "(5, 15)",
        "type": "RUN_IO",
        "dependency_description": "have shell io intersection,because common path /etc"
    },
    {
        "before_instruct": "RUN echo \"deb http://mirrors.aliyun.com/ubuntu/ trusty-updates main restricted universe multiverse\" >> /etc/apt/sources.list",
        "after_instruct": "RUN apt-get update",
        "edge": "(6, 14)",
        "type": "RUN_IO",
        "dependency_description": "have shell io intersection,because common path /etc"
    },
    {
        "before_instruct": "RUN echo \"deb http://mirrors.aliyun.com/ubuntu/ trusty-updates main restricted universe multiverse\" >> /etc/apt/sources.list",
        "after_instruct": "RUN apt-get install curl python -yq",
        "edge": "(6, 15)",
        "type": "RUN_IO",
        "dependency_description": "have shell io intersection,because common path /etc"
    },
    {
        "before_instruct": "RUN echo \"deb http://mirrors.aliyun.com/ubuntu/ trusty-proposed main restricted universe multiverse\" >> /etc/apt/sources.list",
        "after_instruct": "RUN apt-get update",
        "edge": "(7, 14)",
        "type": "RUN_IO",
        "dependency_description": "have shell io intersection,because common path /etc"
    },
    {
        "before_instruct": "RUN echo \"deb http://mirrors.aliyun.com/ubuntu/ trusty-proposed main restricted universe multiverse\" >> /etc/apt/sources.list",
        "after_instruct": "RUN apt-get install curl python -yq",
        "edge": "(7, 15)",
        "type": "RUN_IO",
        "dependency_description": "have shell io intersection,because common path /etc"
    },
    {
        "before_instruct": "RUN echo \"deb http://mirrors.aliyun.com/ubuntu/ trusty-backports main restricted universe multiverse\" >> /etc/apt/sources.list",
        "after_instruct": "RUN apt-get update",
        "edge": "(8, 14)",
        "type": "RUN_IO",
        "dependency_description": "have shell io intersection,because common path /etc"
    },
    {
        "before_instruct": "RUN echo \"deb http://mirrors.aliyun.com/ubuntu/ trusty-backports main restricted universe multiverse\" >> /etc/apt/sources.list",
        "after_instruct": "RUN apt-get install curl python -yq",
        "edge": "(8, 15)",
        "type": "RUN_IO",
        "dependency_description": "have shell io intersection,because common path /etc"
    },
    {
        "before_instruct": "RUN echo \"deb-src http://mirrors.aliyun.com/ubuntu/ trusty main restricted universe multiverse\" >> /etc/apt/sources.list",
        "after_instruct": "RUN apt-get update",
        "edge": "(9, 14)",
        "type": "RUN_IO",
        "dependency_description": "have shell io intersection,because common path /etc"
    },
    {
        "before_instruct": "RUN echo \"deb-src http://mirrors.aliyun.com/ubuntu/ trusty main restricted universe multiverse\" >> /etc/apt/sources.list",
        "after_instruct": "RUN apt-get install curl python -yq",
        "edge": "(9, 15)",
        "type": "RUN_IO",
        "dependency_description": "have shell io intersection,because common path /etc"
    },
    {
        "before_instruct": "RUN echo \"deb-src http://mirrors.aliyun.com/ubuntu/ trusty-security main restricted universe multiverse\" >> /etc/apt/sources.list",
        "after_instruct": "RUN apt-get update",
        "edge": "(10, 14)",
        "type": "RUN_IO",
        "dependency_description": "have shell io intersection,because common path /etc"
    },
    {
        "before_instruct": "RUN echo \"deb-src http://mirrors.aliyun.com/ubuntu/ trusty-security main restricted universe multiverse\" >> /etc/apt/sources.list",
        "after_instruct": "RUN apt-get install curl python -yq",
        "edge": "(10, 15)",
        "type": "RUN_IO",
        "dependency_description": "have shell io intersection,because common path /etc"
    },
    {
        "before_instruct": "RUN echo \"deb-src http://mirrors.aliyun.com/ubuntu/ trusty-updates main restricted universe multiverse\" >> /etc/apt/sources.list",
        "after_instruct": "RUN apt-get update",
        "edge": "(11, 14)",
        "type": "RUN_IO",
        "dependency_description": "have shell io intersection,because common path /etc"
    },
    {
        "before_instruct": "RUN echo \"deb-src http://mirrors.aliyun.com/ubuntu/ trusty-updates main restricted universe multiverse\" >> /etc/apt/sources.list",
        "after_instruct": "RUN apt-get install curl python -yq",
        "edge": "(11, 15)",
        "type": "RUN_IO",
        "dependency_description": "have shell io intersection,because common path /etc"
    },
    {
        "before_instruct": "RUN echo \"deb-src http://mirrors.aliyun.com/ubuntu/ trusty-proposed main restricted universe multiverse\" >> /etc/apt/sources.list",
        "after_instruct": "RUN apt-get update",
        "edge": "(12, 14)",
        "type": "RUN_IO",
        "dependency_description": "have shell io intersection,because common path /etc"
    },
    {
        "before_instruct": "RUN echo \"deb-src http://mirrors.aliyun.com/ubuntu/ trusty-proposed main restricted universe multiverse\" >> /etc/apt/sources.list",
        "after_instruct": "RUN apt-get install curl python -yq",
        "edge": "(12, 15)",
        "type": "RUN_IO",
        "dependency_description": "have shell io intersection,because common path /etc"
    },
    {
        "before_instruct": "RUN echo \"deb-src http://mirrors.aliyun.com/ubuntu/ trusty-backports main restricted universe multiverse\" >> /etc/apt/sources.list",
        "after_instruct": "RUN apt-get update",
        "edge": "(13, 14)",
        "type": "RUN_IO",
        "dependency_description": "have shell io intersection,because common path /etc"
    },
    {
        "before_instruct": "RUN echo \"deb-src http://mirrors.aliyun.com/ubuntu/ trusty-backports main restricted universe multiverse\" >> /etc/apt/sources.list",
        "after_instruct": "RUN apt-get install curl python -yq",
        "edge": "(13, 15)",
        "type": "RUN_IO",
        "dependency_description": "have shell io intersection,because common path /etc"
    },
    {
        "before_instruct": "RUN apt-get update",
        "after_instruct": "RUN apt-get install curl python -yq",
        "edge": "(14, 15)",
        "type": "RUN_PKG",
        "dependency_description": "have shell pkg intersection,because exist intersection {'apt-get'}"
    },
    {
        "before_instruct": "RUN apt-get install curl python -yq",
        "after_instruct": "RUN curl -O https://raw.githubusercontent.com/douban/code/master/scripts/install_code.sh",
        "edge": "(15, 16)",
        "type": "RUN_PKG",
        "dependency_description": "have shell pkg intersection,because exist intersection {'curl'}"
    },
    {
        "before_instruct": "RUN curl -O https://raw.githubusercontent.com/douban/code/master/scripts/install_code.sh",
        "after_instruct": "RUN /bin/bash install_code.sh",
        "edge": "(16, 17)",
        "type": "RUN_IO",
        "dependency_description": "have shell io intersection,because common path /install_code.sh"
    },
    {
        "before_instruct": "RUN curl -O https://raw.githubusercontent.com/douban/code/master/scripts/install_code.sh",
        "after_instruct": "RUN rm -rf install_code.sh",
        "edge": "(16, 18)",
        "type": "RUN_IO",
        "dependency_description": "have shell io intersection,because common path /install_code.sh"
    },
    {
        "before_instruct": "RUN /bin/bash install_code.sh",
        "after_instruct": "RUN rm -rf install_code.sh",
        "edge": "(17, 18)",
        "type": "RUN_IO",
        "dependency_description": "have shell io intersection,because common path /install_code.sh"
    }
]