[
    {
        "before_instruct": "FROM node:alpine",
        "after_instruct": "LABEL maintainer \"Jay MOULIN <jaymoulin@gmail.com> <https://twitter.com/MoulinJay>\"",
        "edge": "(0, 1)",
        "type": "BASIC_IMAGE",
        "dependency_description": "Image dependency"
    },
    {
        "before_instruct": "FROM node:alpine",
        "after_instruct": "COPY * /",
        "edge": "(0, 2)",
        "type": "BASIC_IMAGE",
        "dependency_description": "Image dependency"
    },
    {
        "before_instruct": "FROM node:alpine",
        "after_instruct": "RUN yarn install",
        "edge": "(0, 3)",
        "type": "BASIC_IMAGE",
        "dependency_description": "Image dependency"
    },
    {
        "before_instruct": "FROM node:alpine",
        "after_instruct": "ENTRYPOINT /index.js",
        "edge": "(0, 4)",
        "type": "BASIC_IMAGE",
        "dependency_description": "Image dependency"
    },
    {
        "before_instruct": "FROM node:alpine",
        "after_instruct": "CMD ",
        "edge": "(0, 5)",
        "type": "BASIC_IMAGE",
        "dependency_description": "Image dependency"
    },
    {
        "before_instruct": "COPY * /",
        "after_instruct": "RUN yarn install",
        "edge": "(2, 3)",
        "type": "FILE_DIR",
        "dependency_description": "exist file or directory dependency,because common path /"
    }
]