[
    {
        "before_instruct": "FROM python:3.11",
        "after_instruct": "ENV PYTHONUNBUFFERED=1",
        "edge": "(0, 1)",
        "type": "BASIC_IMAGE",
        "dependency_description": "Image dependency"
    },
    {
        "before_instruct": "FROM python:3.11",
        "after_instruct": "WORKDIR /code/djangoblog/",
        "edge": "(0, 2)",
        "type": "BASIC_IMAGE",
        "dependency_description": "Image dependency"
    },
    {
        "before_instruct": "FROM python:3.11",
        "after_instruct": "RUN apt-get update && apt-get install  default-libmysqlclient-dev gettext -y && rm -rf /var/lib/apt/lists/*",
        "edge": "(0, 3)",
        "type": "BASIC_IMAGE",
        "dependency_description": "Image dependency"
    },
    {
        "before_instruct": "FROM python:3.11",
        "after_instruct": "ADD requirements.txt requirements.txt",
        "edge": "(0, 4)",
        "type": "BASIC_IMAGE",
        "dependency_description": "Image dependency"
    },
    {
        "before_instruct": "FROM python:3.11",
        "after_instruct": "RUN pip install --upgrade pip  && pip install --no-cache-dir -r requirements.txt  && pip install --no-cache-dir gunicorn[gevent] && pip cache purge",
        "edge": "(0, 5)",
        "type": "BASIC_IMAGE",
        "dependency_description": "Image dependency"
    },
    {
        "before_instruct": "FROM python:3.11",
        "after_instruct": "ADD . .",
        "edge": "(0, 6)",
        "type": "BASIC_IMAGE",
        "dependency_description": "Image dependency"
    },
    {
        "before_instruct": "FROM python:3.11",
        "after_instruct": "RUN chmod +x /code/djangoblog/bin/docker_start.sh",
        "edge": "(0, 7)",
        "type": "BASIC_IMAGE",
        "dependency_description": "Image dependency"
    },
    {
        "before_instruct": "FROM python:3.11",
        "after_instruct": "ENTRYPOINT /code/djangoblog/bin/docker_start.sh",
        "edge": "(0, 8)",
        "type": "BASIC_IMAGE",
        "dependency_description": "Image dependency"
    },
    {
        "before_instruct": "WORKDIR /code/djangoblog/",
        "after_instruct": "ADD requirements.txt requirements.txt",
        "edge": "(2, 4)",
        "type": "FILE_DIR",
        "dependency_description": "exist file or directory dependency"
    },
    {
        "before_instruct": "WORKDIR /code/djangoblog/",
        "after_instruct": "RUN pip install --upgrade pip  && pip install --no-cache-dir -r requirements.txt  && pip install --no-cache-dir gunicorn[gevent] && pip cache purge",
        "edge": "(2, 5)",
        "type": "FILE_DIR",
        "dependency_description": "exist file or directory dependency,because RUN instruct use /code/djangoblog/"
    },
    {
        "before_instruct": "WORKDIR /code/djangoblog/",
        "after_instruct": "ADD . .",
        "edge": "(2, 6)",
        "type": "FILE_DIR",
        "dependency_description": "exist file or directory dependency"
    },
    {
        "before_instruct": "WORKDIR /code/djangoblog/",
        "after_instruct": "RUN chmod +x /code/djangoblog/bin/docker_start.sh",
        "edge": "(2, 7)",
        "type": "FILE_DIR",
        "dependency_description": "exist file or directory dependency,because RUN instruct use /code/djangoblog/"
    },
    {
        "before_instruct": "ADD requirements.txt requirements.txt",
        "after_instruct": "RUN pip install --upgrade pip  && pip install --no-cache-dir -r requirements.txt  && pip install --no-cache-dir gunicorn[gevent] && pip cache purge",
        "edge": "(4, 5)",
        "type": "FILE_DIR",
        "dependency_description": "exist file or directory dependency,because common path /code/djangoblog/requirements.txt"
    },
    {
        "before_instruct": "ADD . .",
        "after_instruct": "RUN chmod +x /code/djangoblog/bin/docker_start.sh",
        "edge": "(6, 7)",
        "type": "FILE_DIR",
        "dependency_description": "exist file or directory dependency,because common path /code/djangoblog"
    }
]