[
    {
        "before_instruct": "FROM ubuntu:22.04",
        "after_instruct": "RUN apt-get update",
        "edge": "(0, 1)",
        "type": "BASIC_IMAGE",
        "dependency_description": "Image dependency"
    },
    {
        "before_instruct": "FROM ubuntu:22.04",
        "after_instruct": "RUN apt-get install --no-install-recommends --no-install-suggests -y mingw-w64 zip build-essential perl python3 xml2 pkg-config automake libtool autotools-dev make g++ git ruby wget libssl-dev",
        "edge": "(0, 2)",
        "type": "BASIC_IMAGE",
        "dependency_description": "Image dependency"
    },
    {
        "before_instruct": "FROM ubuntu:22.04",
        "after_instruct": "WORKDIR /opt",
        "edge": "(0, 3)",
        "type": "BASIC_IMAGE",
        "dependency_description": "Image dependency"
    },
    {
        "before_instruct": "FROM ubuntu:22.04",
        "after_instruct": "RUN git clone https://github.com/TheWover/donut.git",
        "edge": "(0, 4)",
        "type": "BASIC_IMAGE",
        "dependency_description": "Image dependency"
    },
    {
        "before_instruct": "FROM ubuntu:22.04",
        "after_instruct": "WORKDIR /opt/donut",
        "edge": "(0, 5)",
        "type": "BASIC_IMAGE",
        "dependency_description": "Image dependency"
    },
    {
        "before_instruct": "FROM ubuntu:22.04",
        "after_instruct": "RUN make -f Makefile",
        "edge": "(0, 6)",
        "type": "BASIC_IMAGE",
        "dependency_description": "Image dependency"
    },
    {
        "before_instruct": "FROM ubuntu:22.04",
        "after_instruct": "WORKDIR /workdir",
        "edge": "(0, 7)",
        "type": "BASIC_IMAGE",
        "dependency_description": "Image dependency"
    },
    {
        "before_instruct": "FROM ubuntu:22.04",
        "after_instruct": "RUN chmod ugo+wrx /workdir",
        "edge": "(0, 8)",
        "type": "BASIC_IMAGE",
        "dependency_description": "Image dependency"
    },
    {
        "before_instruct": "FROM ubuntu:22.04",
        "after_instruct": "RUN ls /opt/donut",
        "edge": "(0, 9)",
        "type": "BASIC_IMAGE",
        "dependency_description": "Image dependency"
    },
    {
        "before_instruct": "FROM ubuntu:22.04",
        "after_instruct": "ENTRYPOINT /opt/donut/donut",
        "edge": "(0, 10)",
        "type": "BASIC_IMAGE",
        "dependency_description": "Image dependency"
    },
    {
        "before_instruct": "RUN apt-get update",
        "after_instruct": "RUN apt-get install --no-install-recommends --no-install-suggests -y mingw-w64 zip build-essential perl python3 xml2 pkg-config automake libtool autotools-dev make g++ git ruby wget libssl-dev",
        "edge": "(1, 2)",
        "type": "RUN_PKG",
        "dependency_description": "have shell pkg intersection,because exist intersection {'apt-get'}"
    },
    {
        "before_instruct": "RUN apt-get install --no-install-recommends --no-install-suggests -y mingw-w64 zip build-essential perl python3 xml2 pkg-config automake libtool autotools-dev make g++ git ruby wget libssl-dev",
        "after_instruct": "RUN git clone https://github.com/TheWover/donut.git",
        "edge": "(2, 4)",
        "type": "RUN_PKG",
        "dependency_description": "have shell pkg intersection,because exist intersection {'git'}"
    },
    {
        "before_instruct": "RUN apt-get install --no-install-recommends --no-install-suggests -y mingw-w64 zip build-essential perl python3 xml2 pkg-config automake libtool autotools-dev make g++ git ruby wget libssl-dev",
        "after_instruct": "RUN make -f Makefile",
        "edge": "(2, 6)",
        "type": "RUN_PKG",
        "dependency_description": "have shell pkg intersection,because exist intersection {'make'}"
    },
    {
        "before_instruct": "RUN git clone https://github.com/TheWover/donut.git",
        "after_instruct": "WORKDIR /opt/donut",
        "edge": "(4, 5)",
        "type": "FILE_DIR",
        "dependency_description": "exist file or directory dependency,because RUN instruct create /opt/donut"
    },
    {
        "before_instruct": "RUN git clone https://github.com/TheWover/donut.git",
        "after_instruct": "RUN make -f Makefile",
        "edge": "(4, 6)",
        "type": "RUN_IO",
        "dependency_description": "have shell io intersection,because common path /opt/donut"
    },
    {
        "before_instruct": "RUN git clone https://github.com/TheWover/donut.git",
        "after_instruct": "RUN ls /opt/donut",
        "edge": "(4, 9)",
        "type": "RUN_IO",
        "dependency_description": "have shell io intersection,because common path /opt/donut"
    },
    {
        "before_instruct": "WORKDIR /opt/donut",
        "after_instruct": "RUN make -f Makefile",
        "edge": "(5, 6)",
        "type": "FILE_DIR",
        "dependency_description": "exist file or directory dependency,because RUN instruct use /opt/donut"
    },
    {
        "before_instruct": "WORKDIR /workdir",
        "after_instruct": "RUN chmod ugo+wrx /workdir",
        "edge": "(7, 8)",
        "type": "FILE_DIR",
        "dependency_description": "exist file or directory dependency,because RUN instruct use /workdir"
    },
    {
        "before_instruct": "WORKDIR /opt",
        "after_instruct": "WORKDIR /workdir",
        "edge": "(3, 7)",
        "type": "BOOT",
        "dependency_description": "Boot dependency"
    },
    {
        "before_instruct": "RUN make -f Makefile",
        "after_instruct": "WORKDIR /workdir",
        "edge": "(6, 7)",
        "type": "BOOT",
        "dependency_description": "Boot dependency"
    }
]