[
    {
        "before_instruct": "FROM ubuntu:16.04",
        "after_instruct": "RUN apt-get update && apt-get install -y software-properties-common build-essential python curl git zlib1g-dev openjdk-8-jre-headless",
        "edge": "(0, 1)",
        "type": "BASIC_IMAGE",
        "dependency_description": "Image dependency"
    },
    {
        "before_instruct": "FROM ubuntu:16.04",
        "after_instruct": "RUN curl -Ls http://s3.voneicken.com/xtensa-lx106-elf-20160330.tgx | tar Jxf -",
        "edge": "(0, 2)",
        "type": "BASIC_IMAGE",
        "dependency_description": "Image dependency"
    },
    {
        "before_instruct": "FROM ubuntu:16.04",
        "after_instruct": "RUN curl -Ls http://s3.voneicken.com/esp_iot_sdk_v2.1.0.tgx | tar -Jxf -",
        "edge": "(0, 3)",
        "type": "BASIC_IMAGE",
        "dependency_description": "Image dependency"
    },
    {
        "before_instruct": "FROM ubuntu:16.04",
        "after_instruct": "ENV XTENSA_TOOLS_ROOT=/xtensa-lx106-elf/bin/",
        "edge": "(0, 4)",
        "type": "BASIC_IMAGE",
        "dependency_description": "Image dependency"
    },
    {
        "before_instruct": "FROM ubuntu:16.04",
        "after_instruct": "VOLUME /esp-link",
        "edge": "(0, 5)",
        "type": "BASIC_IMAGE",
        "dependency_description": "Image dependency"
    },
    {
        "before_instruct": "FROM ubuntu:16.04",
        "after_instruct": "WORKDIR /esp-link",
        "edge": "(0, 6)",
        "type": "BASIC_IMAGE",
        "dependency_description": "Image dependency"
    },
    {
        "before_instruct": "FROM ubuntu:16.04",
        "after_instruct": "CMD make",
        "edge": "(0, 7)",
        "type": "BASIC_IMAGE",
        "dependency_description": "Image dependency"
    },
    {
        "before_instruct": "RUN apt-get update && apt-get install -y software-properties-common build-essential python curl git zlib1g-dev openjdk-8-jre-headless",
        "after_instruct": "RUN curl -Ls http://s3.voneicken.com/xtensa-lx106-elf-20160330.tgx | tar Jxf -",
        "edge": "(1, 2)",
        "type": "RUN_PKG",
        "dependency_description": "have shell pkg intersection,because exist intersection {'curl'}"
    },
    {
        "before_instruct": "RUN apt-get update && apt-get install -y software-properties-common build-essential python curl git zlib1g-dev openjdk-8-jre-headless",
        "after_instruct": "RUN curl -Ls http://s3.voneicken.com/esp_iot_sdk_v2.1.0.tgx | tar -Jxf -",
        "edge": "(1, 3)",
        "type": "RUN_PKG",
        "dependency_description": "have shell pkg intersection,because exist intersection {'curl'}"
    }
]