[
    {
        "before_instruct": "FROM python:3.7-slim",
        "after_instruct": "RUN mkdir /app",
        "edge": "(0, 1)",
        "type": "BASIC_IMAGE",
        "dependency_description": "Image dependency"
    },
    {
        "before_instruct": "FROM python:3.7-slim",
        "after_instruct": "WORKDIR /app",
        "edge": "(0, 2)",
        "type": "BASIC_IMAGE",
        "dependency_description": "Image dependency"
    },
    {
        "before_instruct": "FROM python:3.7-slim",
        "after_instruct": "COPY requirements.txt requirements.txt",
        "edge": "(0, 3)",
        "type": "BASIC_IMAGE",
        "dependency_description": "Image dependency"
    },
    {
        "before_instruct": "FROM python:3.7-slim",
        "after_instruct": "RUN pip install -r requirements.txt",
        "edge": "(0, 4)",
        "type": "BASIC_IMAGE",
        "dependency_description": "Image dependency"
    },
    {
        "before_instruct": "FROM python:3.7-slim",
        "after_instruct": "COPY . /app",
        "edge": "(0, 5)",
        "type": "BASIC_IMAGE",
        "dependency_description": "Image dependency"
    },
    {
        "before_instruct": "FROM python:3.7-slim",
        "after_instruct": "ENV MODE=server",
        "edge": "(0, 6)",
        "type": "BASIC_IMAGE",
        "dependency_description": "Image dependency"
    },
    {
        "before_instruct": "FROM python:3.7-slim",
        "after_instruct": "MAINTAINER DoubleThunder <sfyc23@gmail.com>",
        "edge": "(0, 7)",
        "type": "BASIC_IMAGE",
        "dependency_description": "Image dependency"
    },
    {
        "before_instruct": "FROM python:3.7-slim",
        "after_instruct": "ENTRYPOINT python run.py",
        "edge": "(0, 8)",
        "type": "BASIC_IMAGE",
        "dependency_description": "Image dependency"
    },
    {
        "before_instruct": "RUN mkdir /app",
        "after_instruct": "WORKDIR /app",
        "edge": "(1, 2)",
        "type": "FILE_DIR",
        "dependency_description": "exist file or directory dependency,because RUN instruct create /app"
    },
    {
        "before_instruct": "RUN mkdir /app",
        "after_instruct": "RUN pip install -r requirements.txt",
        "edge": "(1, 4)",
        "type": "RUN_IO",
        "dependency_description": "have shell io intersection,because common path /app"
    },
    {
        "before_instruct": "WORKDIR /app",
        "after_instruct": "COPY requirements.txt requirements.txt",
        "edge": "(2, 3)",
        "type": "FILE_DIR",
        "dependency_description": "exist file or directory dependency"
    },
    {
        "before_instruct": "WORKDIR /app",
        "after_instruct": "RUN pip install -r requirements.txt",
        "edge": "(2, 4)",
        "type": "FILE_DIR",
        "dependency_description": "exist file or directory dependency,because RUN instruct use /app"
    },
    {
        "before_instruct": "WORKDIR /app",
        "after_instruct": "COPY . /app",
        "edge": "(2, 5)",
        "type": "FILE_DIR",
        "dependency_description": "exist file or directory dependency"
    },
    {
        "before_instruct": "COPY requirements.txt requirements.txt",
        "after_instruct": "RUN pip install -r requirements.txt",
        "edge": "(3, 4)",
        "type": "FILE_DIR",
        "dependency_description": "exist file or directory dependency,because common path /app/requirements.txt"
    }
]