[
    {
        "before_instruct": "FROM python:alpine",
        "after_instruct": "ADD . /src",
        "edge": "(0, 1)",
        "type": "BASIC_IMAGE",
        "dependency_description": "Image dependency"
    },
    {
        "before_instruct": "FROM python:alpine",
        "after_instruct": "WORKDIR /src",
        "edge": "(0, 2)",
        "type": "BASIC_IMAGE",
        "dependency_description": "Image dependency"
    },
    {
        "before_instruct": "FROM python:alpine",
        "after_instruct": "RUN python3 setup.py install",
        "edge": "(0, 3)",
        "type": "BASIC_IMAGE",
        "dependency_description": "Image dependency"
    },
    {
        "before_instruct": "FROM python:alpine",
        "after_instruct": "ENTRYPOINT gixy",
        "edge": "(0, 4)",
        "type": "BASIC_IMAGE",
        "dependency_description": "Image dependency"
    },
    {
        "before_instruct": "ADD . /src",
        "after_instruct": "RUN python3 setup.py install",
        "edge": "(1, 3)",
        "type": "FILE_DIR",
        "dependency_description": "exist file or directory dependency,because common path /src"
    },
    {
        "before_instruct": "WORKDIR /src",
        "after_instruct": "RUN python3 setup.py install",
        "edge": "(2, 3)",
        "type": "FILE_DIR",
        "dependency_description": "exist file or directory dependency,because RUN instruct use /src"
    }
]