[
    {
        "before_instruct": "FROM alpine:3.8",
        "after_instruct": "LABEL maintainer \"david <367013672@qq.com>\" version \"1.0\"",
        "edge": "(0, 1)",
        "type": "BASIC_IMAGE",
        "dependency_description": "Image dependency"
    },
    {
        "before_instruct": "FROM alpine:3.8",
        "after_instruct": "ARG timezone=\"\"",
        "edge": "(0, 2)",
        "type": "BASIC_IMAGE",
        "dependency_description": "Image dependency"
    },
    {
        "before_instruct": "FROM alpine:3.8",
        "after_instruct": "ARG app_env=prod",
        "edge": "(0, 3)",
        "type": "BASIC_IMAGE",
        "dependency_description": "Image dependency"
    },
    {
        "before_instruct": "FROM alpine:3.8",
        "after_instruct": "ENV APP_ENV=prod TIMEZONE=${timezone:-Asia/Shanghai} cron=3 */10 * * *",
        "edge": "(0, 4)",
        "type": "BASIC_IMAGE",
        "dependency_description": "Image dependency"
    },
    {
        "before_instruct": "FROM alpine:3.8",
        "after_instruct": "RUN set -ex && apk update && apk add --no-cache git tzdata php7 php7-curl php7-dom php7-json php7-mbstring php7-simplexml php7-zip php7-xml && git clone https://gitee.com/ledc/IYUUAutoReseed.git /IYUU && cp /IYUU/config/config.sample.php /IYUU/config/config.php && ln -sf /IYUU/config/config.php /config.php && cp /IYUU/docker/entrypoint.sh /entrypoint.sh && chmod +x /entrypoint.sh && apk del --purge *-dev && rm -rf /var/cache/apk/* /tmp/* /usr/share/man /usr/share/php7 && cd /etc/php7 && { echo \"upload_max_filesize=100M\"; echo \"post_max_size=108M\"; echo \"memory_limit=1024M\"; echo \"date.timezone=${timezone:-Asia/Shanghai}\"; } | tee conf.d/99-overrides.ini && ln -sf /usr/share/zoneinfo/${timezone:-Asia/Shanghai} /etc/localtime && echo \"${timezone:-Asia/Shanghai}\" > /etc/timezone && echo '2 */5 * * * cd /IYUU && git fetch --all && git reset --hard origin/master' >> /etc/crontabs/root && echo -e \"\\033[42;37m Build Completed :).\\033[0m\\n\"",
        "edge": "(0, 5)",
        "type": "BASIC_IMAGE",
        "dependency_description": "Image dependency"
    },
    {
        "before_instruct": "FROM alpine:3.8",
        "after_instruct": "WORKDIR /IYUU",
        "edge": "(0, 6)",
        "type": "BASIC_IMAGE",
        "dependency_description": "Image dependency"
    },
    {
        "before_instruct": "FROM alpine:3.8",
        "after_instruct": "ENTRYPOINT /entrypoint.sh",
        "edge": "(0, 7)",
        "type": "BASIC_IMAGE",
        "dependency_description": "Image dependency"
    },
    {
        "before_instruct": "ARG timezone=\"\"",
        "after_instruct": "ENV APP_ENV=prod TIMEZONE=${timezone:-Asia/Shanghai} cron=3 */10 * * *",
        "edge": "(2, 4)",
        "type": "ENV_VAR",
        "dependency_description": "environment variable dependencies"
    },
    {
        "before_instruct": "ARG app_env=prod",
        "after_instruct": "ENV APP_ENV=prod TIMEZONE=${timezone:-Asia/Shanghai} cron=3 */10 * * *",
        "edge": "(3, 4)",
        "type": "ENV_VAR",
        "dependency_description": "environment variable dependencies"
    },
    {
        "before_instruct": "ENV APP_ENV=prod TIMEZONE=${timezone:-Asia/Shanghai} cron=3 */10 * * *",
        "after_instruct": "RUN set -ex && apk update && apk add --no-cache git tzdata php7 php7-curl php7-dom php7-json php7-mbstring php7-simplexml php7-zip php7-xml && git clone https://gitee.com/ledc/IYUUAutoReseed.git /IYUU && cp /IYUU/config/config.sample.php /IYUU/config/config.php && ln -sf /IYUU/config/config.php /config.php && cp /IYUU/docker/entrypoint.sh /entrypoint.sh && chmod +x /entrypoint.sh && apk del --purge *-dev && rm -rf /var/cache/apk/* /tmp/* /usr/share/man /usr/share/php7 && cd /etc/php7 && { echo \"upload_max_filesize=100M\"; echo \"post_max_size=108M\"; echo \"memory_limit=1024M\"; echo \"date.timezone=${timezone:-Asia/Shanghai}\"; } | tee conf.d/99-overrides.ini && ln -sf /usr/share/zoneinfo/${timezone:-Asia/Shanghai} /etc/localtime && echo \"${timezone:-Asia/Shanghai}\" > /etc/timezone && echo '2 */5 * * * cd /IYUU && git fetch --all && git reset --hard origin/master' >> /etc/crontabs/root && echo -e \"\\033[42;37m Build Completed :).\\033[0m\\n\"",
        "edge": "(4, 5)",
        "type": "ENV_VAR",
        "dependency_description": "environment variable dependencies"
    },
    {
        "before_instruct": "RUN set -ex && apk update && apk add --no-cache git tzdata php7 php7-curl php7-dom php7-json php7-mbstring php7-simplexml php7-zip php7-xml && git clone https://gitee.com/ledc/IYUUAutoReseed.git /IYUU && cp /IYUU/config/config.sample.php /IYUU/config/config.php && ln -sf /IYUU/config/config.php /config.php && cp /IYUU/docker/entrypoint.sh /entrypoint.sh && chmod +x /entrypoint.sh && apk del --purge *-dev && rm -rf /var/cache/apk/* /tmp/* /usr/share/man /usr/share/php7 && cd /etc/php7 && { echo \"upload_max_filesize=100M\"; echo \"post_max_size=108M\"; echo \"memory_limit=1024M\"; echo \"date.timezone=${timezone:-Asia/Shanghai}\"; } | tee conf.d/99-overrides.ini && ln -sf /usr/share/zoneinfo/${timezone:-Asia/Shanghai} /etc/localtime && echo \"${timezone:-Asia/Shanghai}\" > /etc/timezone && echo '2 */5 * * * cd /IYUU && git fetch --all && git reset --hard origin/master' >> /etc/crontabs/root && echo -e \"\\033[42;37m Build Completed :).\\033[0m\\n\"",
        "after_instruct": "WORKDIR /IYUU",
        "edge": "(5, 6)",
        "type": "FILE_DIR",
        "dependency_description": "exist file or directory dependency,because RUN instruct create /IYUU"
    }
]