[
    {
        "before_instruct": "FROM node:16-alpine",
        "after_instruct": "RUN apk update",
        "edge": "(0, 1)",
        "type": "BASIC_IMAGE",
        "dependency_description": "Image dependency"
    },
    {
        "before_instruct": "FROM node:16-alpine",
        "after_instruct": "RUN apk add bzip2 tar git",
        "edge": "(0, 2)",
        "type": "BASIC_IMAGE",
        "dependency_description": "Image dependency"
    },
    {
        "before_instruct": "FROM node:16-alpine",
        "after_instruct": "RUN npm install grunt-cli -g",
        "edge": "(0, 3)",
        "type": "BASIC_IMAGE",
        "dependency_description": "Image dependency"
    },
    {
        "before_instruct": "FROM node:16-alpine",
        "after_instruct": "COPY package.json /tmp/package.json",
        "edge": "(0, 4)",
        "type": "BASIC_IMAGE",
        "dependency_description": "Image dependency"
    },
    {
        "before_instruct": "FROM node:16-alpine",
        "after_instruct": "RUN cd /tmp && npm install --unsafe-perm",
        "edge": "(0, 5)",
        "type": "BASIC_IMAGE",
        "dependency_description": "Image dependency"
    },
    {
        "before_instruct": "FROM node:16-alpine",
        "after_instruct": "RUN mkdir -p /opt/mosaico && cp -a /tmp/node_modules /opt/mosaico/ && rm -rf /tmp/node_modules",
        "edge": "(0, 6)",
        "type": "BASIC_IMAGE",
        "dependency_description": "Image dependency"
    },
    {
        "before_instruct": "FROM node:16-alpine",
        "after_instruct": "WORKDIR /opt/mosaico",
        "edge": "(0, 7)",
        "type": "BASIC_IMAGE",
        "dependency_description": "Image dependency"
    },
    {
        "before_instruct": "FROM node:16-alpine",
        "after_instruct": "COPY . /opt/mosaico",
        "edge": "(0, 8)",
        "type": "BASIC_IMAGE",
        "dependency_description": "Image dependency"
    },
    {
        "before_instruct": "FROM node:16-alpine",
        "after_instruct": "EXPOSE 9006",
        "edge": "(0, 9)",
        "type": "BASIC_IMAGE",
        "dependency_description": "Image dependency"
    },
    {
        "before_instruct": "FROM node:16-alpine",
        "after_instruct": "CMD grunt default",
        "edge": "(0, 10)",
        "type": "BASIC_IMAGE",
        "dependency_description": "Image dependency"
    },
    {
        "before_instruct": "RUN apk update",
        "after_instruct": "RUN apk add bzip2 tar git",
        "edge": "(1, 2)",
        "type": "RUN_PKG",
        "dependency_description": "have shell pkg intersection,because exist intersection {'apk'}"
    },
    {
        "before_instruct": "RUN npm install grunt-cli -g",
        "after_instruct": "RUN cd /tmp && npm install --unsafe-perm",
        "edge": "(3, 5)",
        "type": "RUN_PKG",
        "dependency_description": "have shell pkg intersection,because exist intersection {'npm'}"
    },
    {
        "before_instruct": "COPY package.json /tmp/package.json",
        "after_instruct": "RUN cd /tmp && npm install --unsafe-perm",
        "edge": "(4, 5)",
        "type": "FILE_DIR",
        "dependency_description": "exist file or directory dependency,because common path /tmp/package.json"
    },
    {
        "before_instruct": "COPY package.json /tmp/package.json",
        "after_instruct": "WORKDIR /opt/mosaico",
        "edge": "(4, 7)",
        "type": "FILE_DIR",
        "dependency_description": "exist file or directory dependency"
    },
    {
        "before_instruct": "RUN mkdir -p /opt/mosaico && cp -a /tmp/node_modules /opt/mosaico/ && rm -rf /tmp/node_modules",
        "after_instruct": "WORKDIR /opt/mosaico",
        "edge": "(6, 7)",
        "type": "FILE_DIR",
        "dependency_description": "exist file or directory dependency,because RUN instruct create /opt/mosaico"
    },
    {
        "before_instruct": "WORKDIR /opt/mosaico",
        "after_instruct": "COPY . /opt/mosaico",
        "edge": "(7, 8)",
        "type": "FILE_DIR",
        "dependency_description": "exist file or directory dependency"
    }
]