[
    {
        "before_instruct": "FROM node:lts",
        "after_instruct": "RUN mkdir -p /usr/src/app",
        "edge": "(0, 1)",
        "type": "BASIC_IMAGE",
        "dependency_description": "Image dependency"
    },
    {
        "before_instruct": "FROM node:lts",
        "after_instruct": "WORKDIR /usr/src/app",
        "edge": "(0, 2)",
        "type": "BASIC_IMAGE",
        "dependency_description": "Image dependency"
    },
    {
        "before_instruct": "FROM node:lts",
        "after_instruct": "COPY package.json /usr/src/app/",
        "edge": "(0, 3)",
        "type": "BASIC_IMAGE",
        "dependency_description": "Image dependency"
    },
    {
        "before_instruct": "FROM node:lts",
        "after_instruct": "COPY package-lock.json /usr/src/app/",
        "edge": "(0, 4)",
        "type": "BASIC_IMAGE",
        "dependency_description": "Image dependency"
    },
    {
        "before_instruct": "FROM node:lts",
        "after_instruct": "RUN npm install",
        "edge": "(0, 5)",
        "type": "BASIC_IMAGE",
        "dependency_description": "Image dependency"
    },
    {
        "before_instruct": "FROM node:lts",
        "after_instruct": "COPY . /usr/src/app",
        "edge": "(0, 6)",
        "type": "BASIC_IMAGE",
        "dependency_description": "Image dependency"
    },
    {
        "before_instruct": "FROM node:lts",
        "after_instruct": "EXPOSE 8443",
        "edge": "(0, 7)",
        "type": "BASIC_IMAGE",
        "dependency_description": "Image dependency"
    },
    {
        "before_instruct": "FROM node:lts",
        "after_instruct": "COPY config.json-default config.json",
        "edge": "(0, 8)",
        "type": "BASIC_IMAGE",
        "dependency_description": "Image dependency"
    },
    {
        "before_instruct": "FROM node:lts",
        "after_instruct": "RUN openssl req -new -newkey rsa:4096 -days 365 -nodes -x509 -subj \"/C=US/ST=Denial/L=Springfield/O=Dis/CN=www.example.com\" -keyout privkey.pem -out fullchain.pem",
        "edge": "(0, 9)",
        "type": "BASIC_IMAGE",
        "dependency_description": "Image dependency"
    },
    {
        "before_instruct": "FROM node:lts",
        "after_instruct": "CMD npm run solid start",
        "edge": "(0, 10)",
        "type": "BASIC_IMAGE",
        "dependency_description": "Image dependency"
    },
    {
        "before_instruct": "RUN mkdir -p /usr/src/app",
        "after_instruct": "WORKDIR /usr/src/app",
        "edge": "(1, 2)",
        "type": "FILE_DIR",
        "dependency_description": "exist file or directory dependency,because RUN instruct create /usr/src/app"
    },
    {
        "before_instruct": "RUN mkdir -p /usr/src/app",
        "after_instruct": "RUN npm install",
        "edge": "(1, 5)",
        "type": "RUN_IO",
        "dependency_description": "have shell io intersection,because common path /usr/src/app"
    },
    {
        "before_instruct": "RUN mkdir -p /usr/src/app",
        "after_instruct": "RUN openssl req -new -newkey rsa:4096 -days 365 -nodes -x509 -subj \"/C=US/ST=Denial/L=Springfield/O=Dis/CN=www.example.com\" -keyout privkey.pem -out fullchain.pem",
        "edge": "(1, 9)",
        "type": "RUN_IO",
        "dependency_description": "have shell io intersection,because common path /usr/src/app"
    },
    {
        "before_instruct": "WORKDIR /usr/src/app",
        "after_instruct": "COPY package.json /usr/src/app/",
        "edge": "(2, 3)",
        "type": "FILE_DIR",
        "dependency_description": "exist file or directory dependency"
    },
    {
        "before_instruct": "WORKDIR /usr/src/app",
        "after_instruct": "COPY package-lock.json /usr/src/app/",
        "edge": "(2, 4)",
        "type": "FILE_DIR",
        "dependency_description": "exist file or directory dependency"
    },
    {
        "before_instruct": "WORKDIR /usr/src/app",
        "after_instruct": "RUN npm install",
        "edge": "(2, 5)",
        "type": "FILE_DIR",
        "dependency_description": "exist file or directory dependency,because RUN instruct use /usr/src/app"
    },
    {
        "before_instruct": "WORKDIR /usr/src/app",
        "after_instruct": "COPY . /usr/src/app",
        "edge": "(2, 6)",
        "type": "FILE_DIR",
        "dependency_description": "exist file or directory dependency"
    },
    {
        "before_instruct": "WORKDIR /usr/src/app",
        "after_instruct": "COPY config.json-default config.json",
        "edge": "(2, 8)",
        "type": "FILE_DIR",
        "dependency_description": "exist file or directory dependency"
    },
    {
        "before_instruct": "WORKDIR /usr/src/app",
        "after_instruct": "RUN openssl req -new -newkey rsa:4096 -days 365 -nodes -x509 -subj \"/C=US/ST=Denial/L=Springfield/O=Dis/CN=www.example.com\" -keyout privkey.pem -out fullchain.pem",
        "edge": "(2, 9)",
        "type": "FILE_DIR",
        "dependency_description": "exist file or directory dependency,because RUN instruct use /usr/src/app"
    },
    {
        "before_instruct": "COPY package.json /usr/src/app/",
        "after_instruct": "RUN npm install",
        "edge": "(3, 5)",
        "type": "FILE_DIR",
        "dependency_description": "exist file or directory dependency,because common path /usr/src/app"
    },
    {
        "before_instruct": "COPY package.json /usr/src/app/",
        "after_instruct": "RUN openssl req -new -newkey rsa:4096 -days 365 -nodes -x509 -subj \"/C=US/ST=Denial/L=Springfield/O=Dis/CN=www.example.com\" -keyout privkey.pem -out fullchain.pem",
        "edge": "(3, 9)",
        "type": "FILE_DIR",
        "dependency_description": "exist file or directory dependency,because common path /usr/src/app"
    },
    {
        "before_instruct": "COPY package-lock.json /usr/src/app/",
        "after_instruct": "RUN npm install",
        "edge": "(4, 5)",
        "type": "FILE_DIR",
        "dependency_description": "exist file or directory dependency,because common path /usr/src/app"
    },
    {
        "before_instruct": "COPY package-lock.json /usr/src/app/",
        "after_instruct": "RUN openssl req -new -newkey rsa:4096 -days 365 -nodes -x509 -subj \"/C=US/ST=Denial/L=Springfield/O=Dis/CN=www.example.com\" -keyout privkey.pem -out fullchain.pem",
        "edge": "(4, 9)",
        "type": "FILE_DIR",
        "dependency_description": "exist file or directory dependency,because common path /usr/src/app"
    },
    {
        "before_instruct": "COPY . /usr/src/app",
        "after_instruct": "RUN openssl req -new -newkey rsa:4096 -days 365 -nodes -x509 -subj \"/C=US/ST=Denial/L=Springfield/O=Dis/CN=www.example.com\" -keyout privkey.pem -out fullchain.pem",
        "edge": "(6, 9)",
        "type": "FILE_DIR",
        "dependency_description": "exist file or directory dependency,because common path /usr/src/app"
    }
]