[
    {
        "before_instruct": "FROM python:latest",
        "after_instruct": "WORKDIR /app",
        "edge": "(0, 1)",
        "type": "BASIC_IMAGE",
        "dependency_description": "Image dependency"
    },
    {
        "before_instruct": "FROM python:latest",
        "after_instruct": "COPY . .",
        "edge": "(0, 2)",
        "type": "BASIC_IMAGE",
        "dependency_description": "Image dependency"
    },
    {
        "before_instruct": "FROM python:latest",
        "after_instruct": "RUN pip install --upgrade pip && pip install build && python -m build && pip install dist/*.whl",
        "edge": "(0, 3)",
        "type": "BASIC_IMAGE",
        "dependency_description": "Image dependency"
    },
    {
        "before_instruct": "FROM python:latest",
        "after_instruct": "ENTRYPOINT octosuite",
        "edge": "(0, 4)",
        "type": "BASIC_IMAGE",
        "dependency_description": "Image dependency"
    },
    {
        "before_instruct": "WORKDIR /app",
        "after_instruct": "COPY . .",
        "edge": "(1, 2)",
        "type": "FILE_DIR",
        "dependency_description": "exist file or directory dependency"
    },
    {
        "before_instruct": "WORKDIR /app",
        "after_instruct": "RUN pip install --upgrade pip && pip install build && python -m build && pip install dist/*.whl",
        "edge": "(1, 3)",
        "type": "FILE_DIR",
        "dependency_description": "exist file or directory dependency,because RUN instruct use /app"
    },
    {
        "before_instruct": "COPY . .",
        "after_instruct": "RUN pip install --upgrade pip && pip install build && python -m build && pip install dist/*.whl",
        "edge": "(2, 3)",
        "type": "FILE_DIR",
        "dependency_description": "exist file or directory dependency,because common path /app"
    }
]