[
    {
        "before_instruct": "FROM ubuntu:20.04",
        "after_instruct": "RUN apt-get update && DEBIAN_FRONTEND=\"noninteractive\" apt-get install -y build-essential git libsecret-1-dev fakeroot rpm libx11-dev libxkbfile-dev libgdk-pixbuf2.0-dev libgtk-3-dev libxss-dev libasound2-dev npm && rm -rf /var/lib/apt/lists/*",
        "edge": "(0, 1)",
        "type": "BASIC_IMAGE",
        "dependency_description": "Image dependency"
    },
    {
        "before_instruct": "FROM ubuntu:20.04",
        "after_instruct": "COPY . /pulsar",
        "edge": "(0, 2)",
        "type": "BASIC_IMAGE",
        "dependency_description": "Image dependency"
    },
    {
        "before_instruct": "FROM ubuntu:20.04",
        "after_instruct": "WORKDIR /pulsar",
        "edge": "(0, 3)",
        "type": "BASIC_IMAGE",
        "dependency_description": "Image dependency"
    },
    {
        "before_instruct": "FROM ubuntu:20.04",
        "after_instruct": "RUN npm config set python /usr/bin/python2 -g",
        "edge": "(0, 4)",
        "type": "BASIC_IMAGE",
        "dependency_description": "Image dependency"
    },
    {
        "before_instruct": "FROM ubuntu:20.04",
        "after_instruct": "ENTRYPOINT /usr/bin/env sh -c",
        "edge": "(0, 5)",
        "type": "BASIC_IMAGE",
        "dependency_description": "Image dependency"
    },
    {
        "before_instruct": "FROM ubuntu:20.04",
        "after_instruct": "CMD bash",
        "edge": "(0, 6)",
        "type": "BASIC_IMAGE",
        "dependency_description": "Image dependency"
    },
    {
        "before_instruct": "RUN apt-get update && DEBIAN_FRONTEND=\"noninteractive\" apt-get install -y build-essential git libsecret-1-dev fakeroot rpm libx11-dev libxkbfile-dev libgdk-pixbuf2.0-dev libgtk-3-dev libxss-dev libasound2-dev npm && rm -rf /var/lib/apt/lists/*",
        "after_instruct": "RUN npm config set python /usr/bin/python2 -g",
        "edge": "(1, 4)",
        "type": "RUN_PKG",
        "dependency_description": "have shell pkg intersection,because exist intersection {'npm'}"
    }
]