[
    {
        "before_instruct": "FROM ubuntu:18.04",
        "after_instruct": "LABEL maintainer \"Chris L. Barnes <chrislloydbarnes@gmail.com>\"",
        "edge": "(0, 1)",
        "type": "BASIC_IMAGE",
        "dependency_description": "Image dependency"
    },
    {
        "before_instruct": "FROM ubuntu:18.04",
        "after_instruct": "ENV DEBIAN_FRONTEND=noninteractive",
        "edge": "(0, 2)",
        "type": "BASIC_IMAGE",
        "dependency_description": "Image dependency"
    },
    {
        "before_instruct": "FROM ubuntu:18.04",
        "after_instruct": "RUN apt-get update -y && apt-get install -y make build-essential libssl-dev zlib1g-dev libbz2-dev libreadline-dev libsqlite3-dev wget curl llvm libncurses5-dev libncursesw5-dev xz-utils tk-dev libffi-dev liblzma-dev python-openssl git && rm -rf /var/lib/apt/lists/*",
        "edge": "(0, 3)",
        "type": "BASIC_IMAGE",
        "dependency_description": "Image dependency"
    },
    {
        "before_instruct": "FROM ubuntu:18.04",
        "after_instruct": "ENV PYENV_ROOT=/pyenv",
        "edge": "(0, 4)",
        "type": "BASIC_IMAGE",
        "dependency_description": "Image dependency"
    },
    {
        "before_instruct": "FROM ubuntu:18.04",
        "after_instruct": "ENV PATH=/pyenv/bin:$PATH",
        "edge": "(0, 5)",
        "type": "BASIC_IMAGE",
        "dependency_description": "Image dependency"
    },
    {
        "before_instruct": "FROM ubuntu:18.04",
        "after_instruct": "COPY . /pyenv",
        "edge": "(0, 6)",
        "type": "BASIC_IMAGE",
        "dependency_description": "Image dependency"
    },
    {
        "before_instruct": "FROM ubuntu:18.04",
        "after_instruct": "RUN eval \"$(pyenv init -)\"",
        "edge": "(0, 7)",
        "type": "BASIC_IMAGE",
        "dependency_description": "Image dependency"
    },
    {
        "before_instruct": "ENV DEBIAN_FRONTEND=noninteractive",
        "after_instruct": "RUN apt-get update -y && apt-get install -y make build-essential libssl-dev zlib1g-dev libbz2-dev libreadline-dev libsqlite3-dev wget curl llvm libncurses5-dev libncursesw5-dev xz-utils tk-dev libffi-dev liblzma-dev python-openssl git && rm -rf /var/lib/apt/lists/*",
        "edge": "(2, 3)",
        "type": "ENV_VAR_IMPLICIT",
        "dependency_description": "system level environment variable dependencies(implicit)"
    },
    {
        "before_instruct": "ENV PYENV_ROOT=/pyenv",
        "after_instruct": "ENV PATH=/pyenv/bin:$PATH",
        "edge": "(4, 5)",
        "type": "ENV_VAR",
        "dependency_description": "environment variable dependencies"
    }
]