[
    {
        "before_instruct": "FROM node:18.17.0-alpine",
        "after_instruct": "EXPOSE 3000",
        "edge": "(0, 1)",
        "type": "BASIC_IMAGE",
        "dependency_description": "Image dependency"
    },
    {
        "before_instruct": "FROM node:18.17.0-alpine",
        "after_instruct": "ENV HOST=0.0.0.0",
        "edge": "(0, 2)",
        "type": "BASIC_IMAGE",
        "dependency_description": "Image dependency"
    },
    {
        "before_instruct": "FROM node:18.17.0-alpine",
        "after_instruct": "ENV PORT=3000",
        "edge": "(0, 3)",
        "type": "BASIC_IMAGE",
        "dependency_description": "Image dependency"
    },
    {
        "before_instruct": "FROM node:18.17.0-alpine",
        "after_instruct": "WORKDIR /opt/raneto",
        "edge": "(0, 4)",
        "type": "BASIC_IMAGE",
        "dependency_description": "Image dependency"
    },
    {
        "before_instruct": "FROM node:18.17.0-alpine",
        "after_instruct": "COPY . /opt/raneto",
        "edge": "(0, 5)",
        "type": "BASIC_IMAGE",
        "dependency_description": "Image dependency"
    },
    {
        "before_instruct": "FROM node:18.17.0-alpine",
        "after_instruct": "RUN npm install --omit dev",
        "edge": "(0, 6)",
        "type": "BASIC_IMAGE",
        "dependency_description": "Image dependency"
    },
    {
        "before_instruct": "FROM node:18.17.0-alpine",
        "after_instruct": "CMD npm start",
        "edge": "(0, 7)",
        "type": "BASIC_IMAGE",
        "dependency_description": "Image dependency"
    },
    {
        "before_instruct": "WORKDIR /opt/raneto",
        "after_instruct": "COPY . /opt/raneto",
        "edge": "(4, 5)",
        "type": "FILE_DIR",
        "dependency_description": "exist file or directory dependency"
    },
    {
        "before_instruct": "WORKDIR /opt/raneto",
        "after_instruct": "RUN npm install --omit dev",
        "edge": "(4, 6)",
        "type": "FILE_DIR",
        "dependency_description": "exist file or directory dependency,because RUN instruct use /opt/raneto"
    },
    {
        "before_instruct": "COPY . /opt/raneto",
        "after_instruct": "RUN npm install --omit dev",
        "edge": "(5, 6)",
        "type": "FILE_DIR",
        "dependency_description": "exist file or directory dependency,because common path /opt/raneto"
    }
]