[
    {
        "before_instruct": "FROM node:alpine",
        "after_instruct": "RUN mkdir node",
        "edge": "(0, 1)",
        "type": "BASIC_IMAGE",
        "dependency_description": "Image dependency"
    },
    {
        "before_instruct": "FROM node:alpine",
        "after_instruct": "COPY . ./node",
        "edge": "(0, 2)",
        "type": "BASIC_IMAGE",
        "dependency_description": "Image dependency"
    },
    {
        "before_instruct": "FROM node:alpine",
        "after_instruct": "WORKDIR /node/",
        "edge": "(0, 3)",
        "type": "BASIC_IMAGE",
        "dependency_description": "Image dependency"
    },
    {
        "before_instruct": "FROM node:alpine",
        "after_instruct": "RUN npm install",
        "edge": "(0, 4)",
        "type": "BASIC_IMAGE",
        "dependency_description": "Image dependency"
    },
    {
        "before_instruct": "FROM node:alpine",
        "after_instruct": "CMD npm start",
        "edge": "(0, 5)",
        "type": "BASIC_IMAGE",
        "dependency_description": "Image dependency"
    },
    {
        "before_instruct": "RUN mkdir node",
        "after_instruct": "WORKDIR /node/",
        "edge": "(1, 3)",
        "type": "FILE_DIR",
        "dependency_description": "exist file or directory dependency,because RUN instruct create /node/"
    },
    {
        "before_instruct": "RUN mkdir node",
        "after_instruct": "RUN npm install",
        "edge": "(1, 4)",
        "type": "RUN_IO",
        "dependency_description": "have shell io intersection,because common path /node"
    },
    {
        "before_instruct": "COPY . ./node",
        "after_instruct": "RUN npm install",
        "edge": "(2, 4)",
        "type": "FILE_DIR",
        "dependency_description": "exist file or directory dependency,because common path /node"
    },
    {
        "before_instruct": "WORKDIR /node/",
        "after_instruct": "RUN npm install",
        "edge": "(3, 4)",
        "type": "FILE_DIR",
        "dependency_description": "exist file or directory dependency,because RUN instruct use /node/"
    }
]