[
    {
        "before_instruct": "FROM mhart/alpine-node:8",
        "after_instruct": "WORKDIR /app",
        "edge": "(0, 1)",
        "type": "BASIC_IMAGE",
        "dependency_description": "Image dependency"
    },
    {
        "before_instruct": "FROM mhart/alpine-node:8",
        "after_instruct": "COPY . .",
        "edge": "(0, 2)",
        "type": "BASIC_IMAGE",
        "dependency_description": "Image dependency"
    },
    {
        "before_instruct": "FROM mhart/alpine-node:8",
        "after_instruct": "RUN npm install --production",
        "edge": "(0, 3)",
        "type": "BASIC_IMAGE",
        "dependency_description": "Image dependency"
    },
    {
        "before_instruct": "FROM mhart/alpine-node:8",
        "after_instruct": "ENV NODE_ENV=production",
        "edge": "(0, 4)",
        "type": "BASIC_IMAGE",
        "dependency_description": "Image dependency"
    },
    {
        "before_instruct": "FROM mhart/alpine-node:8",
        "after_instruct": "CMD node server.js",
        "edge": "(0, 5)",
        "type": "BASIC_IMAGE",
        "dependency_description": "Image dependency"
    },
    {
        "before_instruct": "WORKDIR /app",
        "after_instruct": "COPY . .",
        "edge": "(1, 2)",
        "type": "FILE_DIR",
        "dependency_description": "exist file or directory dependency"
    },
    {
        "before_instruct": "WORKDIR /app",
        "after_instruct": "RUN npm install --production",
        "edge": "(1, 3)",
        "type": "FILE_DIR",
        "dependency_description": "exist file or directory dependency,because RUN instruct use /app"
    },
    {
        "before_instruct": "COPY . .",
        "after_instruct": "RUN npm install --production",
        "edge": "(2, 3)",
        "type": "FILE_DIR",
        "dependency_description": "exist file or directory dependency,because common path /app"
    }
]