[
    {
        "before_instruct": "FROM python:3-alpine",
        "after_instruct": "WORKDIR /mdv",
        "edge": "(0, 1)",
        "type": "BASIC_IMAGE",
        "dependency_description": "Image dependency"
    },
    {
        "before_instruct": "FROM python:3-alpine",
        "after_instruct": "COPY . .",
        "edge": "(0, 2)",
        "type": "BASIC_IMAGE",
        "dependency_description": "Image dependency"
    },
    {
        "before_instruct": "FROM python:3-alpine",
        "after_instruct": "RUN pip install -e .",
        "edge": "(0, 3)",
        "type": "BASIC_IMAGE",
        "dependency_description": "Image dependency"
    },
    {
        "before_instruct": "FROM python:3-alpine",
        "after_instruct": "ENTRYPOINT mdv",
        "edge": "(0, 4)",
        "type": "BASIC_IMAGE",
        "dependency_description": "Image dependency"
    },
    {
        "before_instruct": "WORKDIR /mdv",
        "after_instruct": "COPY . .",
        "edge": "(1, 2)",
        "type": "FILE_DIR",
        "dependency_description": "exist file or directory dependency"
    },
    {
        "before_instruct": "WORKDIR /mdv",
        "after_instruct": "RUN pip install -e .",
        "edge": "(1, 3)",
        "type": "FILE_DIR",
        "dependency_description": "exist file or directory dependency,because RUN instruct use /"
    },
    {
        "before_instruct": "COPY . .",
        "after_instruct": "RUN pip install -e .",
        "edge": "(2, 3)",
        "type": "FILE_DIR",
        "dependency_description": "exist file or directory dependency,because common path /mdv"
    }
]