[
    {
        "before_instruct": "FROM ubuntu:20.04",
        "after_instruct": "ENV TZ=UTC",
        "edge": "(0, 1)",
        "type": "BASIC_IMAGE",
        "dependency_description": "Image dependency"
    },
    {
        "before_instruct": "FROM ubuntu:20.04",
        "after_instruct": "RUN ln -snf /usr/share/zoneinfo/UTC /etc/localtime && echo UTC > /etc/timezone",
        "edge": "(0, 2)",
        "type": "BASIC_IMAGE",
        "dependency_description": "Image dependency"
    },
    {
        "before_instruct": "FROM ubuntu:20.04",
        "after_instruct": "RUN apt-get update && apt-get install -y --no-install-recommends build-essential git ninja-build nasm doxygen python3 python3-dev python3-pip python3-setuptools python3-wheel python3-tk && apt-get clean && rm -rf /var/lib/apt/lists",
        "edge": "(0, 3)",
        "type": "BASIC_IMAGE",
        "dependency_description": "Image dependency"
    },
    {
        "before_instruct": "FROM ubuntu:20.04",
        "after_instruct": "COPY . /vmaf",
        "edge": "(0, 4)",
        "type": "BASIC_IMAGE",
        "dependency_description": "Image dependency"
    },
    {
        "before_instruct": "FROM ubuntu:20.04",
        "after_instruct": "RUN pip3 install --upgrade pip",
        "edge": "(0, 5)",
        "type": "BASIC_IMAGE",
        "dependency_description": "Image dependency"
    },
    {
        "before_instruct": "FROM ubuntu:20.04",
        "after_instruct": "RUN pip3 install --no-cache-dir meson cython numpy",
        "edge": "(0, 6)",
        "type": "BASIC_IMAGE",
        "dependency_description": "Image dependency"
    },
    {
        "before_instruct": "FROM ubuntu:20.04",
        "after_instruct": "ENV PATH=/vmaf:/vmaf/libvmaf/build/tools:$PATH",
        "edge": "(0, 7)",
        "type": "BASIC_IMAGE",
        "dependency_description": "Image dependency"
    },
    {
        "before_instruct": "FROM ubuntu:20.04",
        "after_instruct": "RUN cd /vmaf && make clean && make",
        "edge": "(0, 8)",
        "type": "BASIC_IMAGE",
        "dependency_description": "Image dependency"
    },
    {
        "before_instruct": "FROM ubuntu:20.04",
        "after_instruct": "RUN pip3 install --no-cache-dir -r /vmaf/python/requirements.txt",
        "edge": "(0, 9)",
        "type": "BASIC_IMAGE",
        "dependency_description": "Image dependency"
    },
    {
        "before_instruct": "FROM ubuntu:20.04",
        "after_instruct": "WORKDIR /vmaf",
        "edge": "(0, 10)",
        "type": "BASIC_IMAGE",
        "dependency_description": "Image dependency"
    },
    {
        "before_instruct": "FROM ubuntu:20.04",
        "after_instruct": "ENV PYTHONPATH=python",
        "edge": "(0, 11)",
        "type": "BASIC_IMAGE",
        "dependency_description": "Image dependency"
    },
    {
        "before_instruct": "FROM ubuntu:20.04",
        "after_instruct": "ENTRYPOINT ./python/vmaf/script/run_vmaf.py",
        "edge": "(0, 12)",
        "type": "BASIC_IMAGE",
        "dependency_description": "Image dependency"
    },
    {
        "before_instruct": "ENV TZ=UTC",
        "after_instruct": "RUN ln -snf /usr/share/zoneinfo/UTC /etc/localtime && echo UTC > /etc/timezone",
        "edge": "(1, 2)",
        "type": "ENV_VAR",
        "dependency_description": "environment variable dependencies"
    },
    {
        "before_instruct": "RUN ln -snf /usr/share/zoneinfo/UTC /etc/localtime && echo UTC > /etc/timezone",
        "after_instruct": "RUN apt-get update && apt-get install -y --no-install-recommends build-essential git ninja-build nasm doxygen python3 python3-dev python3-pip python3-setuptools python3-wheel python3-tk && apt-get clean && rm -rf /var/lib/apt/lists",
        "edge": "(2, 3)",
        "type": "RUN_IO",
        "dependency_description": "have shell io intersection,because common path /etc"
    },
    {
        "before_instruct": "RUN apt-get update && apt-get install -y --no-install-recommends build-essential git ninja-build nasm doxygen python3 python3-dev python3-pip python3-setuptools python3-wheel python3-tk && apt-get clean && rm -rf /var/lib/apt/lists",
        "after_instruct": "RUN pip3 install --upgrade pip",
        "edge": "(3, 5)",
        "type": "RUN_PKG",
        "dependency_description": "have shell pkg intersection,because exist intersection {'pip3'}"
    },
    {
        "before_instruct": "RUN apt-get update && apt-get install -y --no-install-recommends build-essential git ninja-build nasm doxygen python3 python3-dev python3-pip python3-setuptools python3-wheel python3-tk && apt-get clean && rm -rf /var/lib/apt/lists",
        "after_instruct": "RUN pip3 install --no-cache-dir meson cython numpy",
        "edge": "(3, 6)",
        "type": "RUN_PKG",
        "dependency_description": "have shell pkg intersection,because exist intersection {'pip3'}"
    },
    {
        "before_instruct": "RUN apt-get update && apt-get install -y --no-install-recommends build-essential git ninja-build nasm doxygen python3 python3-dev python3-pip python3-setuptools python3-wheel python3-tk && apt-get clean && rm -rf /var/lib/apt/lists",
        "after_instruct": "RUN pip3 install --no-cache-dir -r /vmaf/python/requirements.txt",
        "edge": "(3, 9)",
        "type": "RUN_PKG",
        "dependency_description": "have shell pkg intersection,because exist intersection {'pip3'}"
    },
    {
        "before_instruct": "COPY . /vmaf",
        "after_instruct": "RUN cd /vmaf && make clean && make",
        "edge": "(4, 8)",
        "type": "FILE_DIR",
        "dependency_description": "exist file or directory dependency,because common path /vmaf"
    },
    {
        "before_instruct": "COPY . /vmaf",
        "after_instruct": "RUN pip3 install --no-cache-dir -r /vmaf/python/requirements.txt",
        "edge": "(4, 9)",
        "type": "FILE_DIR",
        "dependency_description": "exist file or directory dependency,because common path /vmaf"
    }
]