[
    {
        "before_instruct": "FROM python:3.11-slim",
        "after_instruct": "ARG BUILD_DATE=\"\"",
        "edge": "(0, 1)",
        "type": "BASIC_IMAGE",
        "dependency_description": "Image dependency"
    },
    {
        "before_instruct": "FROM python:3.11-slim",
        "after_instruct": "ARG VCS_REF=\"\"",
        "edge": "(0, 2)",
        "type": "BASIC_IMAGE",
        "dependency_description": "Image dependency"
    },
    {
        "before_instruct": "FROM python:3.11-slim",
        "after_instruct": "LABEL org.label-schema.build-date ${BUILD_DATE} org.label-schema.name \"Vyper\" org.label-schema.description \"Vyper is an experimental programming language\" org.label-schema.url \"https://vyper.readthedocs.io/en/latest/\" org.label-schema.vcs-ref ${VCS_REF} org.label-schema.vcs-url \"https://github.com/vyperlang/vyper\" org.label-schema.vendor \"Vyper Team\" org.label-schema.schema-version \"1.0\"",
        "edge": "(0, 3)",
        "type": "BASIC_IMAGE",
        "dependency_description": "Image dependency"
    },
    {
        "before_instruct": "FROM python:3.11-slim",
        "after_instruct": "RUN apt-get update && apt-get install -y --no-install-recommends apt-utils gcc git libc6-dev libc-dev libssl-dev libgmp-dev && rm -rf /var/lib/apt/lists/*",
        "edge": "(0, 4)",
        "type": "BASIC_IMAGE",
        "dependency_description": "Image dependency"
    },
    {
        "before_instruct": "FROM python:3.11-slim",
        "after_instruct": "ADD . /code",
        "edge": "(0, 5)",
        "type": "BASIC_IMAGE",
        "dependency_description": "Image dependency"
    },
    {
        "before_instruct": "FROM python:3.11-slim",
        "after_instruct": "WORKDIR /code",
        "edge": "(0, 6)",
        "type": "BASIC_IMAGE",
        "dependency_description": "Image dependency"
    },
    {
        "before_instruct": "FROM python:3.11-slim",
        "after_instruct": "RUN git reset --hard",
        "edge": "(0, 7)",
        "type": "BASIC_IMAGE",
        "dependency_description": "Image dependency"
    },
    {
        "before_instruct": "FROM python:3.11-slim",
        "after_instruct": "RUN pip install --no-cache-dir .[test] && apt-get purge -y --auto-remove apt-utils gcc libc6-dev libc-dev libssl-dev",
        "edge": "(0, 8)",
        "type": "BASIC_IMAGE",
        "dependency_description": "Image dependency"
    },
    {
        "before_instruct": "FROM python:3.11-slim",
        "after_instruct": "ENTRYPOINT /usr/local/bin/vyper",
        "edge": "(0, 9)",
        "type": "BASIC_IMAGE",
        "dependency_description": "Image dependency"
    },
    {
        "before_instruct": "ARG BUILD_DATE=\"\"",
        "after_instruct": "LABEL org.label-schema.build-date ${BUILD_DATE} org.label-schema.name \"Vyper\" org.label-schema.description \"Vyper is an experimental programming language\" org.label-schema.url \"https://vyper.readthedocs.io/en/latest/\" org.label-schema.vcs-ref ${VCS_REF} org.label-schema.vcs-url \"https://github.com/vyperlang/vyper\" org.label-schema.vendor \"Vyper Team\" org.label-schema.schema-version \"1.0\"",
        "edge": "(1, 3)",
        "type": "ENV_VAR",
        "dependency_description": "environment variable dependencies"
    },
    {
        "before_instruct": "ARG VCS_REF=\"\"",
        "after_instruct": "LABEL org.label-schema.build-date ${BUILD_DATE} org.label-schema.name \"Vyper\" org.label-schema.description \"Vyper is an experimental programming language\" org.label-schema.url \"https://vyper.readthedocs.io/en/latest/\" org.label-schema.vcs-ref ${VCS_REF} org.label-schema.vcs-url \"https://github.com/vyperlang/vyper\" org.label-schema.vendor \"Vyper Team\" org.label-schema.schema-version \"1.0\"",
        "edge": "(2, 3)",
        "type": "ENV_VAR",
        "dependency_description": "environment variable dependencies"
    },
    {
        "before_instruct": "RUN apt-get update && apt-get install -y --no-install-recommends apt-utils gcc git libc6-dev libc-dev libssl-dev libgmp-dev && rm -rf /var/lib/apt/lists/*",
        "after_instruct": "RUN git reset --hard",
        "edge": "(4, 7)",
        "type": "RUN_PKG",
        "dependency_description": "have shell pkg intersection,because exist intersection {'git'}"
    },
    {
        "before_instruct": "RUN apt-get update && apt-get install -y --no-install-recommends apt-utils gcc git libc6-dev libc-dev libssl-dev libgmp-dev && rm -rf /var/lib/apt/lists/*",
        "after_instruct": "RUN pip install --no-cache-dir .[test] && apt-get purge -y --auto-remove apt-utils gcc libc6-dev libc-dev libssl-dev",
        "edge": "(4, 8)",
        "type": "RUN_PKG",
        "dependency_description": "have shell pkg intersection,because exist intersection {'apt-get'}"
    },
    {
        "before_instruct": "ADD . /code",
        "after_instruct": "RUN pip install --no-cache-dir .[test] && apt-get purge -y --auto-remove apt-utils gcc libc6-dev libc-dev libssl-dev",
        "edge": "(5, 8)",
        "type": "FILE_DIR",
        "dependency_description": "exist file or directory dependency,because common path /code"
    },
    {
        "before_instruct": "WORKDIR /code",
        "after_instruct": "RUN pip install --no-cache-dir .[test] && apt-get purge -y --auto-remove apt-utils gcc libc6-dev libc-dev libssl-dev",
        "edge": "(6, 8)",
        "type": "FILE_DIR",
        "dependency_description": "exist file or directory dependency,because RUN instruct use /code"
    }
]