[
    {
        "before_instruct": "FROM python:3.10-buster",
        "after_instruct": "WORKDIR /workspace",
        "edge": "(0, 1)",
        "type": "BASIC_IMAGE",
        "dependency_description": "Image dependency"
    },
    {
        "before_instruct": "FROM python:3.10-buster",
        "after_instruct": "RUN apt-get update",
        "edge": "(0, 2)",
        "type": "BASIC_IMAGE",
        "dependency_description": "Image dependency"
    },
    {
        "before_instruct": "FROM python:3.10-buster",
        "after_instruct": "RUN apt-get install -y git ffmpeg",
        "edge": "(0, 3)",
        "type": "BASIC_IMAGE",
        "dependency_description": "Image dependency"
    },
    {
        "before_instruct": "FROM python:3.10-buster",
        "after_instruct": "COPY requirements.txt requirements.txt",
        "edge": "(0, 4)",
        "type": "BASIC_IMAGE",
        "dependency_description": "Image dependency"
    },
    {
        "before_instruct": "FROM python:3.10-buster",
        "after_instruct": "RUN pip3 install -r requirements.txt",
        "edge": "(0, 5)",
        "type": "BASIC_IMAGE",
        "dependency_description": "Image dependency"
    },
    {
        "before_instruct": "FROM python:3.10-buster",
        "after_instruct": "COPY src src",
        "edge": "(0, 6)",
        "type": "BASIC_IMAGE",
        "dependency_description": "Image dependency"
    },
    {
        "before_instruct": "FROM python:3.10-buster",
        "after_instruct": "CMD flask --app src/main --debug run --host 0.0.0.0 --port 3000",
        "edge": "(0, 7)",
        "type": "BASIC_IMAGE",
        "dependency_description": "Image dependency"
    },
    {
        "before_instruct": "WORKDIR /workspace",
        "after_instruct": "COPY requirements.txt requirements.txt",
        "edge": "(1, 4)",
        "type": "FILE_DIR",
        "dependency_description": "exist file or directory dependency"
    },
    {
        "before_instruct": "WORKDIR /workspace",
        "after_instruct": "RUN pip3 install -r requirements.txt",
        "edge": "(1, 5)",
        "type": "FILE_DIR",
        "dependency_description": "exist file or directory dependency,because RUN instruct use /workspace"
    },
    {
        "before_instruct": "WORKDIR /workspace",
        "after_instruct": "COPY src src",
        "edge": "(1, 6)",
        "type": "FILE_DIR",
        "dependency_description": "exist file or directory dependency"
    },
    {
        "before_instruct": "RUN apt-get update",
        "after_instruct": "RUN apt-get install -y git ffmpeg",
        "edge": "(2, 3)",
        "type": "RUN_PKG",
        "dependency_description": "have shell pkg intersection,because exist intersection {'apt-get'}"
    },
    {
        "before_instruct": "COPY requirements.txt requirements.txt",
        "after_instruct": "RUN pip3 install -r requirements.txt",
        "edge": "(4, 5)",
        "type": "FILE_DIR",
        "dependency_description": "exist file or directory dependency,because common path /workspace/requirements.txt"
    }
]