[
    {
        "before_instruct": "FROM python:3.9",
        "after_instruct": "WORKDIR /usr/src/app",
        "edge": "(0, 1)",
        "type": "BASIC_IMAGE",
        "dependency_description": "Image dependency"
    },
    {
        "before_instruct": "FROM python:3.9",
        "after_instruct": "RUN apt-get update && apt-get install -y libssl-dev",
        "edge": "(0, 2)",
        "type": "BASIC_IMAGE",
        "dependency_description": "Image dependency"
    },
    {
        "before_instruct": "FROM python:3.9",
        "after_instruct": "COPY web3 ./web3/",
        "edge": "(0, 3)",
        "type": "BASIC_IMAGE",
        "dependency_description": "Image dependency"
    },
    {
        "before_instruct": "FROM python:3.9",
        "after_instruct": "COPY tests ./tests/",
        "edge": "(0, 4)",
        "type": "BASIC_IMAGE",
        "dependency_description": "Image dependency"
    },
    {
        "before_instruct": "FROM python:3.9",
        "after_instruct": "COPY ens ./ens/",
        "edge": "(0, 5)",
        "type": "BASIC_IMAGE",
        "dependency_description": "Image dependency"
    },
    {
        "before_instruct": "FROM python:3.9",
        "after_instruct": "COPY ethpm ./ethpm/",
        "edge": "(0, 6)",
        "type": "BASIC_IMAGE",
        "dependency_description": "Image dependency"
    },
    {
        "before_instruct": "FROM python:3.9",
        "after_instruct": "COPY setup.py .",
        "edge": "(0, 7)",
        "type": "BASIC_IMAGE",
        "dependency_description": "Image dependency"
    },
    {
        "before_instruct": "FROM python:3.9",
        "after_instruct": "COPY README.md .",
        "edge": "(0, 8)",
        "type": "BASIC_IMAGE",
        "dependency_description": "Image dependency"
    },
    {
        "before_instruct": "FROM python:3.9",
        "after_instruct": "RUN pip install -e .[dev]",
        "edge": "(0, 9)",
        "type": "BASIC_IMAGE",
        "dependency_description": "Image dependency"
    },
    {
        "before_instruct": "FROM python:3.9",
        "after_instruct": "WORKDIR /code",
        "edge": "(0, 10)",
        "type": "BASIC_IMAGE",
        "dependency_description": "Image dependency"
    },
    {
        "before_instruct": "WORKDIR /usr/src/app",
        "after_instruct": "COPY web3 ./web3/",
        "edge": "(1, 3)",
        "type": "FILE_DIR",
        "dependency_description": "exist file or directory dependency"
    },
    {
        "before_instruct": "WORKDIR /usr/src/app",
        "after_instruct": "COPY tests ./tests/",
        "edge": "(1, 4)",
        "type": "FILE_DIR",
        "dependency_description": "exist file or directory dependency"
    },
    {
        "before_instruct": "WORKDIR /usr/src/app",
        "after_instruct": "COPY ens ./ens/",
        "edge": "(1, 5)",
        "type": "FILE_DIR",
        "dependency_description": "exist file or directory dependency"
    },
    {
        "before_instruct": "WORKDIR /usr/src/app",
        "after_instruct": "COPY ethpm ./ethpm/",
        "edge": "(1, 6)",
        "type": "FILE_DIR",
        "dependency_description": "exist file or directory dependency"
    },
    {
        "before_instruct": "WORKDIR /usr/src/app",
        "after_instruct": "COPY setup.py .",
        "edge": "(1, 7)",
        "type": "FILE_DIR",
        "dependency_description": "exist file or directory dependency"
    },
    {
        "before_instruct": "WORKDIR /usr/src/app",
        "after_instruct": "COPY README.md .",
        "edge": "(1, 8)",
        "type": "FILE_DIR",
        "dependency_description": "exist file or directory dependency"
    },
    {
        "before_instruct": "WORKDIR /usr/src/app",
        "after_instruct": "RUN pip install -e .[dev]",
        "edge": "(1, 9)",
        "type": "FILE_DIR",
        "dependency_description": "exist file or directory dependency,because RUN instruct use /usr/src/app"
    },
    {
        "before_instruct": "COPY web3 ./web3/",
        "after_instruct": "WORKDIR /code",
        "edge": "(3, 10)",
        "type": "FILE_DIR",
        "dependency_description": "exist file or directory dependency"
    },
    {
        "before_instruct": "COPY tests ./tests/",
        "after_instruct": "WORKDIR /code",
        "edge": "(4, 10)",
        "type": "FILE_DIR",
        "dependency_description": "exist file or directory dependency"
    },
    {
        "before_instruct": "COPY ens ./ens/",
        "after_instruct": "WORKDIR /code",
        "edge": "(5, 10)",
        "type": "FILE_DIR",
        "dependency_description": "exist file or directory dependency"
    },
    {
        "before_instruct": "COPY ethpm ./ethpm/",
        "after_instruct": "WORKDIR /code",
        "edge": "(6, 10)",
        "type": "FILE_DIR",
        "dependency_description": "exist file or directory dependency"
    },
    {
        "before_instruct": "COPY setup.py .",
        "after_instruct": "RUN pip install -e .[dev]",
        "edge": "(7, 9)",
        "type": "FILE_DIR",
        "dependency_description": "exist file or directory dependency,because common path /usr/src/app"
    },
    {
        "before_instruct": "COPY setup.py .",
        "after_instruct": "WORKDIR /code",
        "edge": "(7, 10)",
        "type": "FILE_DIR",
        "dependency_description": "exist file or directory dependency"
    },
    {
        "before_instruct": "COPY README.md .",
        "after_instruct": "RUN pip install -e .[dev]",
        "edge": "(8, 9)",
        "type": "FILE_DIR",
        "dependency_description": "exist file or directory dependency,because common path /usr/src/app"
    },
    {
        "before_instruct": "COPY README.md .",
        "after_instruct": "WORKDIR /code",
        "edge": "(8, 10)",
        "type": "FILE_DIR",
        "dependency_description": "exist file or directory dependency"
    }
]