[
    {
        "before_instruct": "FROM node:16-alpine",
        "after_instruct": "RUN ln -sf /usr/share/zoneinfo/Asia/Shanghai /etc/localtime",
        "edge": "(0, 1)",
        "type": "BASIC_IMAGE",
        "dependency_description": "Image dependency"
    },
    {
        "before_instruct": "FROM node:16-alpine",
        "after_instruct": "RUN echo 'Asia/Shanghai' >/etc/timezone",
        "edge": "(0, 2)",
        "type": "BASIC_IMAGE",
        "dependency_description": "Image dependency"
    },
    {
        "before_instruct": "FROM node:16-alpine",
        "after_instruct": "WORKDIR /bot",
        "edge": "(0, 3)",
        "type": "BASIC_IMAGE",
        "dependency_description": "Image dependency"
    },
    {
        "before_instruct": "FROM node:16-alpine",
        "after_instruct": "COPY package.json .",
        "edge": "(0, 4)",
        "type": "BASIC_IMAGE",
        "dependency_description": "Image dependency"
    },
    {
        "before_instruct": "FROM node:16-alpine",
        "after_instruct": "RUN npm install",
        "edge": "(0, 5)",
        "type": "BASIC_IMAGE",
        "dependency_description": "Image dependency"
    },
    {
        "before_instruct": "FROM node:16-alpine",
        "after_instruct": "COPY . .",
        "edge": "(0, 6)",
        "type": "BASIC_IMAGE",
        "dependency_description": "Image dependency"
    },
    {
        "before_instruct": "FROM node:16-alpine",
        "after_instruct": "CMD npm start",
        "edge": "(0, 7)",
        "type": "BASIC_IMAGE",
        "dependency_description": "Image dependency"
    },
    {
        "before_instruct": "WORKDIR /bot",
        "after_instruct": "COPY package.json .",
        "edge": "(3, 4)",
        "type": "FILE_DIR",
        "dependency_description": "exist file or directory dependency"
    },
    {
        "before_instruct": "WORKDIR /bot",
        "after_instruct": "RUN npm install",
        "edge": "(3, 5)",
        "type": "FILE_DIR",
        "dependency_description": "exist file or directory dependency,because RUN instruct use /bot"
    },
    {
        "before_instruct": "WORKDIR /bot",
        "after_instruct": "COPY . .",
        "edge": "(3, 6)",
        "type": "FILE_DIR",
        "dependency_description": "exist file or directory dependency"
    },
    {
        "before_instruct": "COPY package.json .",
        "after_instruct": "RUN npm install",
        "edge": "(4, 5)",
        "type": "FILE_DIR",
        "dependency_description": "exist file or directory dependency,because common path /bot"
    }
]